Summary,Issue key,Issue id,Issue Type,Status,Project key,Project name,Project type,Project lead,Project lead id,Project description,Priority,Resolution,Assignee,Assignee Id,Reporter,Reporter Id,Creator,Creator Id,Created,Updated,Last Viewed,Resolved,Due date,Votes,Description,Environment,Watchers,Watchers Id,Original estimate,Remaining Estimate,Time Spent,Work Ratio,Σ Original Estimate,Σ Remaining Estimate,Σ Time Spent,Security Level,Inward issue link (Blocks),Outward issue link (Blocks),Outward issue link (Blocks),Outward issue link (Blocks),Outward issue link (Blocks),Outward issue link (Blocks),Outward issue link (Blocks),Custom field (Actual Result),Custom field (Development),Custom field (Expected Result),Custom field (Goals),Custom field (Issue color),Custom field (Priority),Custom field (Rank),Custom field (Start date),Custom field (Story point estimate),Custom field (Team),Custom field (Vulnerability),Status Category,Status Category Changed
Checkout enabled for out-of-stock items,DG-30,10170,Bug,To Do,DG,LambdaTest,software,Ziad Mohey,712020:7bd7cf13-1eba-45c7-889f-d8a6377a3cd8,,Medium,,,,Ziad Mohey,712020:7bd7cf13-1eba-45c7-889f-d8a6377a3cd8,Ziad Mohey,712020:7bd7cf13-1eba-45c7-889f-d8a6377a3cd8,19/Apr/26 1:05 PM,19/Apr/26 1:05 PM,23/Apr/26 6:58 PM,,,0,"*Steps to Reproduce:*

# Add 'iPod Nano' to cart. 
# Go to Cart page. 
# Click 'Checkout' button.",,Ziad Mohey,712020:7bd7cf13-1eba-45c7-889f-d8a6377a3cd8,,,,,,,,,,,,,,,,The system allowed the user to proceed to the checkout flow despite the warning.,,The 'Checkout' button should be disabled or an error should prevent proceeding.,,,High,0|i00093:,,,,,To Do,19/Apr/26 1:05 PM
Rating system not working,DG-29,10169,Bug,To Do,DG,LambdaTest,software,Ziad Mohey,712020:7bd7cf13-1eba-45c7-889f-d8a6377a3cd8,,Medium,,,,Ziad Mohey,712020:7bd7cf13-1eba-45c7-889f-d8a6377a3cd8,Ziad Mohey,712020:7bd7cf13-1eba-45c7-889f-d8a6377a3cd8,19/Apr/26 1:04 PM,19/Apr/26 1:04 PM,,,,0,"*Steps to Reproduce:*

# Check ratings/filter",,Ziad Mohey,712020:7bd7cf13-1eba-45c7-889f-d8a6377a3cd8,,,,,,,,,,,,,,,,Missing/incorrect ratings,,Correct ratings + filter,,,High,0|i0008v:,,,,,To Do,19/Apr/26 1:04 PM
Delivery label format issue,DG-27,10167,Bug,To Do,DG,LambdaTest,software,Ziad Mohey,712020:7bd7cf13-1eba-45c7-889f-d8a6377a3cd8,,Medium,,,,Ziad Mohey,712020:7bd7cf13-1eba-45c7-889f-d8a6377a3cd8,Ziad Mohey,712020:7bd7cf13-1eba-45c7-889f-d8a6377a3cd8,19/Apr/26 1:03 PM,19/Apr/26 1:03 PM,,,,0,"*Steps to Reproduce:*

# Check delivery text",,Ziad Mohey,712020:7bd7cf13-1eba-45c7-889f-d8a6377a3cd8,,,,,,,,,,,,,,,,Incorrect/duplicated text,,“2–3 Days” correct,,,Medium,0|i0008n:,,,,,To Do,19/Apr/26 1:03 PM
Preorder button mislabeling,DG-26,10166,Bug,To Do,DG,LambdaTest,software,Ziad Mohey,712020:7bd7cf13-1eba-45c7-889f-d8a6377a3cd8,,Medium,,,,Ziad Mohey,712020:7bd7cf13-1eba-45c7-889f-d8a6377a3cd8,Ziad Mohey,712020:7bd7cf13-1eba-45c7-889f-d8a6377a3cd8,19/Apr/26 1:03 PM,19/Apr/26 1:03 PM,,,,0,"*Steps to Reproduce:*

# Open preorder product",,Ziad Mohey,712020:7bd7cf13-1eba-45c7-889f-d8a6377a3cd8,,,,,,,,,,,,,,,,Wrong/inconsistent buttons,,Correct labels + wishlist,,,High,0|i0008f:,,,,,To Do,19/Apr/26 1:03 PM
Category search not working,DG-25,10165,Bug,To Do,DG,LambdaTest,software,Ziad Mohey,712020:7bd7cf13-1eba-45c7-889f-d8a6377a3cd8,,Medium,,,,Ziad Mohey,712020:7bd7cf13-1eba-45c7-889f-d8a6377a3cd8,Ziad Mohey,712020:7bd7cf13-1eba-45c7-889f-d8a6377a3cd8,19/Apr/26 1:02 PM,19/Apr/26 1:02 PM,,,,0,"*Steps to Reproduce:*

# Search category",,Ziad Mohey,712020:7bd7cf13-1eba-45c7-889f-d8a6377a3cd8,,,,,,,,,,,,,,,,No correct results,,Category results,,,High,0|i00087:,,,,,To Do,19/Apr/26 1:02 PM
Search partial keyword failure,DG-24,10164,Bug,To Do,DG,LambdaTest,software,Ziad Mohey,712020:7bd7cf13-1eba-45c7-889f-d8a6377a3cd8,,Medium,,,,Ziad Mohey,712020:7bd7cf13-1eba-45c7-889f-d8a6377a3cd8,Ziad Mohey,712020:7bd7cf13-1eba-45c7-889f-d8a6377a3cd8,19/Apr/26 1:01 PM,19/Apr/26 1:01 PM,,,,0,"*Steps to Reproduce:*

# Search partial text",,Ziad Mohey,712020:7bd7cf13-1eba-45c7-889f-d8a6377a3cd8,,,,,,,,,,,,,,,,Missing/incorrect results,,Relevant results,,,High,0|i0007z:,,,,,To Do,19/Apr/26 1:01 PM
Stock/button failure,DG-23,10163,Bug,To Do,DG,LambdaTest,software,Ziad Mohey,712020:7bd7cf13-1eba-45c7-889f-d8a6377a3cd8,,Medium,,,,Ziad Mohey,712020:7bd7cf13-1eba-45c7-889f-d8a6377a3cd8,Ziad Mohey,712020:7bd7cf13-1eba-45c7-889f-d8a6377a3cd8,19/Apr/26 1:00 PM,19/Apr/26 1:00 PM,,,,0,"*Steps to Reproduce:*

# Open product",,Ziad Mohey,712020:7bd7cf13-1eba-45c7-889f-d8a6377a3cd8,,,,,,,,,,,,,,,,Incorrect stock + broken buttons,,Correct stock + working buttons,,,High,0|i0007r:,,,,,To Do,19/Apr/26 1:00 PM
Wrong ad redirection,DG-22,10162,Bug,To Do,DG,LambdaTest,software,Ziad Mohey,712020:7bd7cf13-1eba-45c7-889f-d8a6377a3cd8,,Medium,,,,Ziad Mohey,712020:7bd7cf13-1eba-45c7-889f-d8a6377a3cd8,Ziad Mohey,712020:7bd7cf13-1eba-45c7-889f-d8a6377a3cd8,19/Apr/26 1:00 PM,19/Apr/26 1:00 PM,,,,0,"*Steps to Reproduce:*

# Click ads",,Ziad Mohey,712020:7bd7cf13-1eba-45c7-889f-d8a6377a3cd8,,,,,,,,,,,,,,,,Wrong product opens,,Correct product page,,,High,0|i0007j:,,,,,To Do,19/Apr/26 1:00 PM
Wrong product images,DG-21,10161,Bug,To Do,DG,LambdaTest,software,Ziad Mohey,712020:7bd7cf13-1eba-45c7-889f-d8a6377a3cd8,,Medium,,,,Ziad Mohey,712020:7bd7cf13-1eba-45c7-889f-d8a6377a3cd8,Ziad Mohey,712020:7bd7cf13-1eba-45c7-889f-d8a6377a3cd8,19/Apr/26 12:59 PM,19/Apr/26 1:00 PM,,,,0,"*Steps to Reproduce:*

# Compare product image/name",,Ziad Mohey,712020:7bd7cf13-1eba-45c7-889f-d8a6377a3cd8,,,,,,,,,,,,,,,,Wrong images shown,,Correct image mapping,,,High,0|i0007b:,,,,,To Do,19/Apr/26 1:00 PM
Category filter broken,DG-20,10160,Bug,To Do,DG,LambdaTest,software,Ziad Mohey,712020:7bd7cf13-1eba-45c7-889f-d8a6377a3cd8,,Medium,,,,Ziad Mohey,712020:7bd7cf13-1eba-45c7-889f-d8a6377a3cd8,Ziad Mohey,712020:7bd7cf13-1eba-45c7-889f-d8a6377a3cd8,19/Apr/26 12:59 PM,19/Apr/26 12:59 PM,,,,0,"*Steps to Reproduce:*

# Select category",,Ziad Mohey,712020:7bd7cf13-1eba-45c7-889f-d8a6377a3cd8,,,,,,,,,,,,,,,,Same items for all categories,,Correct filtered items,,,High,0|i00073:,,,,,To Do,19/Apr/26 12:59 PM
Duplicate products homepage,DG-19,10159,Bug,To Do,DG,LambdaTest,software,Ziad Mohey,712020:7bd7cf13-1eba-45c7-889f-d8a6377a3cd8,,Medium,,,,Ziad Mohey,712020:7bd7cf13-1eba-45c7-889f-d8a6377a3cd8,Ziad Mohey,712020:7bd7cf13-1eba-45c7-889f-d8a6377a3cd8,19/Apr/26 12:59 PM,19/Apr/26 12:59 PM,,,,0,"*Steps to Reproduce:*

# Login 
# Open homepage",,Ziad Mohey,712020:7bd7cf13-1eba-45c7-889f-d8a6377a3cd8,,,,,,,,,,,,,,,,Products duplicated,,Unique products,,,Medium,0|i0006v:,,,,,To Do,19/Apr/26 12:59 PM
Out-of-stock UI incorrect,DG-18,10158,Bug,To Do,DG,LambdaTest,software,Ziad Mohey,712020:7bd7cf13-1eba-45c7-889f-d8a6377a3cd8,,Medium,,,,Ziad Mohey,712020:7bd7cf13-1eba-45c7-889f-d8a6377a3cd8,Ziad Mohey,712020:7bd7cf13-1eba-45c7-889f-d8a6377a3cd8,19/Apr/26 12:58 PM,19/Apr/26 12:58 PM,,,,0,"*Steps to Reproduce:*

# Open out-of-stock product",,Ziad Mohey,712020:7bd7cf13-1eba-45c7-889f-d8a6377a3cd8,,,,,,,,,,,,,,,,Wrong labels + missing wishlist,,Clear label + wishlist,,,High,0|i0006n:,,,,,To Do,19/Apr/26 12:58 PM
Size selection not working,DG-17,10157,Bug,To Do,DG,LambdaTest,software,Ziad Mohey,712020:7bd7cf13-1eba-45c7-889f-d8a6377a3cd8,,Medium,,,,Ziad Mohey,712020:7bd7cf13-1eba-45c7-889f-d8a6377a3cd8,Ziad Mohey,712020:7bd7cf13-1eba-45c7-889f-d8a6377a3cd8,19/Apr/26 12:57 PM,19/Apr/26 12:57 PM,,,,0,"*Steps to Reproduce:*

# Open product 
# Select size",,Ziad Mohey,712020:7bd7cf13-1eba-45c7-889f-d8a6377a3cd8,,,,,,,,,,,,,,,,Missing/not clickable sizes,,Sizes selectable,,,High,0|i0006f:,,,,,To Do,19/Apr/26 12:57 PM
Stock status inconsistency,DG-16,10156,Bug,To Do,DG,LambdaTest,software,Ziad Mohey,712020:7bd7cf13-1eba-45c7-889f-d8a6377a3cd8,,Medium,,,,Ziad Mohey,712020:7bd7cf13-1eba-45c7-889f-d8a6377a3cd8,Ziad Mohey,712020:7bd7cf13-1eba-45c7-889f-d8a6377a3cd8,19/Apr/26 12:57 PM,19/Apr/26 12:57 PM,,,,0,"*Steps to Reproduce:*

# Open listing 
# open product",,Ziad Mohey,712020:7bd7cf13-1eba-45c7-889f-d8a6377a3cd8,,,,,,,,,,,,,,,,Stock differs across pages,,Same stock everywhere,,,High,0|i00067:,,,,,To Do,19/Apr/26 12:57 PM
Cannot verify old password invalidation.,DG-15,10123,Bug,To Do,DG,LambdaTest,software,Ziad Mohey,712020:7bd7cf13-1eba-45c7-889f-d8a6377a3cd8,,Medium,,,,Ziad Mohey,712020:7bd7cf13-1eba-45c7-889f-d8a6377a3cd8,Ziad Mohey,712020:7bd7cf13-1eba-45c7-889f-d8a6377a3cd8,16/Apr/26 3:12 PM,16/Apr/26 3:12 PM,,,,0,"*Steps to Reproduce:*

# Navigate to the Login page 
# Enter registered email 
# Enter the old password 
# Click Login",,Ziad Mohey,712020:7bd7cf13-1eba-45c7-889f-d8a6377a3cd8,,,,,,,,,DG-9,,,,,,,Blocked due to [https://manualtestingpractice.atlassian.net/browse/DG-9|https://manualtestingpractice.atlassian.net/browse/DG-9|smart-link] ,,Login fails. Error: 'No match for E-Mail Address and/or Password.' Old password is no longer valid.,,,High,0|i0005z:,,,,,To Do,16/Apr/26 3:12 PM
Cannot verify reused link behavior.,DG-14,10122,Bug,To Do,DG,LambdaTest,software,Ziad Mohey,712020:7bd7cf13-1eba-45c7-889f-d8a6377a3cd8,,Medium,,,,Ziad Mohey,712020:7bd7cf13-1eba-45c7-889f-d8a6377a3cd8,Ziad Mohey,712020:7bd7cf13-1eba-45c7-889f-d8a6377a3cd8,16/Apr/26 3:11 PM,16/Apr/26 3:11 PM,,,,0,"*Steps to Reproduce:*

# Click the already used reset link from the email 
# Attempt to set a new password",,Ziad Mohey,712020:7bd7cf13-1eba-45c7-889f-d8a6377a3cd8,,,,,,,,,DG-9,,,,,,,Blocked due to [https://manualtestingpractice.atlassian.net/browse/DG-9|https://manualtestingpractice.atlassian.net/browse/DG-9|smart-link] ,,Error message appears indicating the reset link is invalid or has already been used.,,,High,0|i0005r:,,,,,To Do,16/Apr/26 3:11 PM
Cannot verify expired link behavior.,DG-13,10121,Bug,To Do,DG,LambdaTest,software,Ziad Mohey,712020:7bd7cf13-1eba-45c7-889f-d8a6377a3cd8,,Medium,,,,Ziad Mohey,712020:7bd7cf13-1eba-45c7-889f-d8a6377a3cd8,Ziad Mohey,712020:7bd7cf13-1eba-45c7-889f-d8a6377a3cd8,16/Apr/26 3:11 PM,16/Apr/26 3:11 PM,,,,0,"*Steps to Reproduce:*

# Open the expired reset link from the email 
# Attempt to set a new password",,Ziad Mohey,712020:7bd7cf13-1eba-45c7-889f-d8a6377a3cd8,,,,,,,,,DG-9,,,,,,,Blocked due to [https://manualtestingpractice.atlassian.net/browse/DG-9|https://manualtestingpractice.atlassian.net/browse/DG-9|smart-link]  ,,Error message appears indicating the reset link has expired or is no longer valid.,,,High,0|i0005j:,,,,,To Do,16/Apr/26 3:11 PM
Cannot verify login with new password.,DG-12,10120,Bug,To Do,DG,LambdaTest,software,Ziad Mohey,712020:7bd7cf13-1eba-45c7-889f-d8a6377a3cd8,,Medium,,,,Ziad Mohey,712020:7bd7cf13-1eba-45c7-889f-d8a6377a3cd8,Ziad Mohey,712020:7bd7cf13-1eba-45c7-889f-d8a6377a3cd8,16/Apr/26 3:09 PM,16/Apr/26 3:09 PM,,,,0,"*Steps to Reproduce:*

# Navigate to the Login page 
# Enter registered email 
# Enter the new password 
# Click Login",,Ziad Mohey,712020:7bd7cf13-1eba-45c7-889f-d8a6377a3cd8,,,,,,,,,DG-9,,,,,,,Blocked due to [https://manualtestingpractice.atlassian.net/browse/DG-9|https://manualtestingpractice.atlassian.net/browse/DG-9|smart-link] ,,User is logged in successfully with the new password.,,,High,0|i0005b:,,,,,To Do,16/Apr/26 3:09 PM
Cannot verify setting new password.,DG-11,10119,Bug,To Do,DG,LambdaTest,software,Ziad Mohey,712020:7bd7cf13-1eba-45c7-889f-d8a6377a3cd8,,Medium,,,,Ziad Mohey,712020:7bd7cf13-1eba-45c7-889f-d8a6377a3cd8,Ziad Mohey,712020:7bd7cf13-1eba-45c7-889f-d8a6377a3cd8,16/Apr/26 3:07 PM,16/Apr/26 3:07 PM,,,,0,"*Steps to Reproduce:*

# Click the reset link in the email 
# Enter a new password 
# Confirm the new password 
# Submit the new password",,Ziad Mohey,712020:7bd7cf13-1eba-45c7-889f-d8a6377a3cd8,,,,,,,,,DG-9,,,,,,,Blocked due to [https://manualtestingpractice.atlassian.net/browse/DG-9|https://manualtestingpractice.atlassian.net/browse/DG-9|smart-link] ,,Password is updated successfully. User can log in with the new password.,,,High,0|i00053:,,,,,To Do,16/Apr/26 3:07 PM
Cannot verify reset link navigation.,DG-10,10118,Bug,To Do,DG,LambdaTest,software,Ziad Mohey,712020:7bd7cf13-1eba-45c7-889f-d8a6377a3cd8,,Medium,,,,Ziad Mohey,712020:7bd7cf13-1eba-45c7-889f-d8a6377a3cd8,Ziad Mohey,712020:7bd7cf13-1eba-45c7-889f-d8a6377a3cd8,16/Apr/26 3:05 PM,16/Apr/26 3:08 PM,,,,0,"*Steps to Reproduce:*

# Open the password reset email 
# Click the reset link in the email",,Ziad Mohey,712020:7bd7cf13-1eba-45c7-889f-d8a6377a3cd8,,,,,,,,,DG-9,,,,,,,Blocked due to [https://manualtestingpractice.atlassian.net/browse/DG-9|https://manualtestingpractice.atlassian.net/browse/DG-9|smart-link] ,,User is navigated to a page where they can set a new password.,,,High,0|i0004v:,,,,,To Do,16/Apr/26 3:05 PM
Password reset email is not received in the inbox when requested.,DG-9,10117,Bug,To Do,DG,LambdaTest,software,Ziad Mohey,712020:7bd7cf13-1eba-45c7-889f-d8a6377a3cd8,,Medium,,,,Ziad Mohey,712020:7bd7cf13-1eba-45c7-889f-d8a6377a3cd8,Ziad Mohey,712020:7bd7cf13-1eba-45c7-889f-d8a6377a3cd8,16/Apr/26 3:04 PM,16/Apr/26 3:12 PM,,,,0,"*Steps to Reproduce:*

# Submit a registered email and click Continue 
# Open the email inbox for the submitted address 
# Check for the password reset email",,Ziad Mohey,712020:7bd7cf13-1eba-45c7-889f-d8a6377a3cd8,,,,,,,,,,DG-10,DG-11,DG-12,DG-13,DG-14,DG-15,Password reset email is NOT received.,,Password reset email is received with a valid reset link.,,,High,0|i0004n:,,,,,To Do,16/Apr/26 3:04 PM
Clicking Back after registration loads the registration form in a submittable state,DG-8,10116,Bug,To Do,DG,LambdaTest,software,Ziad Mohey,712020:7bd7cf13-1eba-45c7-889f-d8a6377a3cd8,,Medium,,,,Ziad Mohey,712020:7bd7cf13-1eba-45c7-889f-d8a6377a3cd8,Ziad Mohey,712020:7bd7cf13-1eba-45c7-889f-d8a6377a3cd8,16/Apr/26 3:03 PM,16/Apr/26 3:03 PM,,,,0,"*Steps to Reproduce:*

# Complete registration with valid data
# After successful registration, click the browser's Back button",,Ziad Mohey,712020:7bd7cf13-1eba-45c7-889f-d8a6377a3cd8,,,,,,,,,,,,,,,,"The registration form is displayed again with previously entered data, and it can be re-submitted, 
potentially causing duplicate account creation.",,"User is NOT taken back to the registration form in a submittable state. Either the form is empty, the session is already active, or the user is redirected away.",,,High,0|i0004f:,,,,,To Do,16/Apr/26 3:03 PM
Clicking Back after logout restores the logged-in session and account pages are accessible,DG-7,10115,Bug,To Do,DG,LambdaTest,software,Ziad Mohey,712020:7bd7cf13-1eba-45c7-889f-d8a6377a3cd8,,Medium,,,,Ziad Mohey,712020:7bd7cf13-1eba-45c7-889f-d8a6377a3cd8,Ziad Mohey,712020:7bd7cf13-1eba-45c7-889f-d8a6377a3cd8,16/Apr/26 3:02 PM,16/Apr/26 3:02 PM,,,,0,"*Steps to Reproduce:*

# Log in with valid credentials
# Log out from the account menu
# Click the browser's Back button",,Ziad Mohey,712020:7bd7cf13-1eba-45c7-889f-d8a6377a3cd8,,,,,,,,,,,,,,,,Pressing Back after logout displays the account page as if the user is still logged in. Protected content is visible.,,User is NOT taken back to the logged-in state. Session remains cleared. Account pages are not accessible without logging in again.,,,High,0|i00047:,,,,,To Do,16/Apr/26 3:02 PM
Clicking Back after login returns user to the logged-out state,DG-6,10114,Bug,To Do,DG,LambdaTest,software,Ziad Mohey,712020:7bd7cf13-1eba-45c7-889f-d8a6377a3cd8,,Medium,,,,Ziad Mohey,712020:7bd7cf13-1eba-45c7-889f-d8a6377a3cd8,Ziad Mohey,712020:7bd7cf13-1eba-45c7-889f-d8a6377a3cd8,16/Apr/26 3:01 PM,16/Apr/26 3:01 PM,,,,0,"*Steps to Reproduce:*

# Log in with valid credentials
# Click the browser's Back button",,Ziad Mohey,712020:7bd7cf13-1eba-45c7-889f-d8a6377a3cd8,,,,,,,,,,,,,,,,"Clicking Back after login navigates the user back to the Login page, effectively showing a logged-out state despite active session.",,User is NOT taken back to the logged-out state. The session remains active and the user stays logged in.,,,High,0|i0003z:,,,,,To Do,16/Apr/26 3:01 PM
Registering with a non-existent or fake email does not show a validation error,DG-5,10113,Bug,To Do,DG,LambdaTest,software,Ziad Mohey,712020:7bd7cf13-1eba-45c7-889f-d8a6377a3cd8,,Medium,,,,Ziad Mohey,712020:7bd7cf13-1eba-45c7-889f-d8a6377a3cd8,Ziad Mohey,712020:7bd7cf13-1eba-45c7-889f-d8a6377a3cd8,16/Apr/26 3:00 PM,16/Apr/26 3:00 PM,,,,0,"h4. *Steps to Reproduce:*

# Navigate to Register Account page
# Enter 'fake_not_real@xyz123.com' in E-Mail field
# Fill all other fields with valid data
# Check Privacy Policy checkbox
# Click Continue",,Ziad Mohey,712020:7bd7cf13-1eba-45c7-889f-d8a6377a3cd8,,,,,,,,,,,,,,,,"Registration proceeds successfully with a non-existent email. 
No validation error is shown.",,Error message appears indicating the email address does not exist or is not valid.,,,High,0|i0003r:,,,,,To Do,16/Apr/26 3:00 PM
Clicking Back button after logout restores the logged-in session,DG-4,10112,Bug,To Do,DG,LambdaTest,software,Ziad Mohey,712020:7bd7cf13-1eba-45c7-889f-d8a6377a3cd8,,Medium,,,,Ziad Mohey,712020:7bd7cf13-1eba-45c7-889f-d8a6377a3cd8,Ziad Mohey,712020:7bd7cf13-1eba-45c7-889f-d8a6377a3cd8,16/Apr/26 2:58 PM,16/Apr/26 2:58 PM,,,,0,"*Steps to Reproduce:*

# Log in with valid credentials
# Log out from the account menu
# Click the browser's Back button",,Ziad Mohey,712020:7bd7cf13-1eba-45c7-889f-d8a6377a3cd8,,,,,,,,,,,,,,,,Pressing Back after logout returns the user to the logged-in account page as if the session was never ended.,,User is logged out. Pressing Back does not restore the session or show account pages.,,,High,0|i0003j:,,,,,To Do,16/Apr/26 2:58 PM
Phone field accepts non-numeric characters without any validation error,DG-3,10079,Bug,To Do,DG,LambdaTest,software,Ziad Mohey,712020:7bd7cf13-1eba-45c7-889f-d8a6377a3cd8,,Medium,,,,Ziad Mohey,712020:7bd7cf13-1eba-45c7-889f-d8a6377a3cd8,Ziad Mohey,712020:7bd7cf13-1eba-45c7-889f-d8a6377a3cd8,15/Apr/26 3:05 PM,15/Apr/26 3:05 PM,,,,0,"*Steps to Reproduce:*

|# Navigate to Register Account page
# Enter 'abc+xyz' in the Telephone field
# Fill all other fields with valid data
# Click Continue|",,Ziad Mohey,712020:7bd7cf13-1eba-45c7-889f-d8a6377a3cd8,,,,,,,,,,,,,,,,"|Non-numeric characters are accepted without any error.
 Form submits successfully.|",,|Field rejects non-numeric input or an error message is shown.|,,,Low,0|i0003b:,,,,,To Do,15/Apr/26 3:05 PM
Phone field accepts numbers without country code and does not show the required hint,DG-2,10078,Bug,To Do,DG,LambdaTest,software,Ziad Mohey,712020:7bd7cf13-1eba-45c7-889f-d8a6377a3cd8,,Medium,,,,Ziad Mohey,712020:7bd7cf13-1eba-45c7-889f-d8a6377a3cd8,Ziad Mohey,712020:7bd7cf13-1eba-45c7-889f-d8a6377a3cd8,15/Apr/26 3:02 PM,15/Apr/26 3:02 PM,,,,0,"*Steps to Reproduce:*

|# Navigate to Register Account page
# Enter '01012345678' in Telephone field (no country code)
# Fill all other fields with valid data
# Click Continue|",,Ziad Mohey,712020:7bd7cf13-1eba-45c7-889f-d8a6377a3cd8,,,,,,,,,,,,,,,,"|No error or hint is displayed.
The form proceeds with a phone number that has no country code.|",,|Error or hint shown: 'Enter valid phone number with country code!' Form is not submitted.|,,,High,0|i00033:,,,,,To Do,15/Apr/26 3:02 PM
First Name field accepts numbers and special characters without validation error,DG-1,10045,Bug,To Do,DG,LambdaTest,software,Ziad Mohey,712020:7bd7cf13-1eba-45c7-889f-d8a6377a3cd8,,Medium,,,,Ziad Mohey,712020:7bd7cf13-1eba-45c7-889f-d8a6377a3cd8,Ziad Mohey,712020:7bd7cf13-1eba-45c7-889f-d8a6377a3cd8,13/Apr/26 1:59 PM,15/Apr/26 3:06 PM,,,,0,"*Steps to Reproduce:*

|# Navigate to Register Account page
# Enter '123!@#' in First Name field
# Fill all other fields with valid data
# Click Continue|",,Ziad Mohey,712020:7bd7cf13-1eba-45c7-889f-d8a6377a3cd8,,,,,,,,,,,,,,,,"|No error is shown. 
The form is submitted successfully with invalid First Name containing numbers and special characters.|",,|Error message is shown or invalid characters are rejected by the field.|,,,Low,0|i0002v:,,,,,To Do,15/Apr/26 1:14 PM
Verify that Return History shows 'No results' for a newly submitted return,DG-132,10406,Task,To Do,DG,LambdaTest,software,Ziad Mohey,712020:7bd7cf13-1eba-45c7-889f-d8a6377a3cd8,,Medium,,,,GonDy,639231f200cb2fc3f98c43d5,GonDy,639231f200cb2fc3f98c43d5,23/Apr/26 7:22 PM,23/Apr/26 7:22 PM,,,,0,Test ID: TCUA_103Preconditions:User has just submitted a new return request.Test Steps:Navigate to the Product Returns pageTest Data:—Expected Result:NoneActual Result:NoneStatus:Pass,,GonDy,639231f200cb2fc3f98c43d5,,,,,,,,,,,,,,,,,,,,,,0|i000vr:,,,,,To Do,23/Apr/26 7:22 PM
Verify that the Back button on the return form navigates back correctly,DG-131,10405,Task,To Do,DG,LambdaTest,software,Ziad Mohey,712020:7bd7cf13-1eba-45c7-889f-d8a6377a3cd8,,Medium,,,,GonDy,639231f200cb2fc3f98c43d5,GonDy,639231f200cb2fc3f98c43d5,23/Apr/26 7:21 PM,23/Apr/26 7:21 PM,23/Apr/26 7:22 PM,,,0,Test ID: TCUA_102Preconditions:User is on the Return request form.Test Steps:Navigate to the Return request formTest Data:—Expected Result:NoneActual Result:NoneStatus:Pass,,GonDy,639231f200cb2fc3f98c43d5,,,,,,,,,,,,,,,,,,,,,,0|i000vj:,,,,,To Do,23/Apr/26 7:21 PM
Verify that Reason for Return radio buttons all work correctly,DG-130,10404,Task,To Do,DG,LambdaTest,software,Ziad Mohey,712020:7bd7cf13-1eba-45c7-889f-d8a6377a3cd8,,Medium,,,,GonDy,639231f200cb2fc3f98c43d5,GonDy,639231f200cb2fc3f98c43d5,23/Apr/26 7:21 PM,23/Apr/26 7:21 PM,,,,0,"Test ID: TCUA_101Preconditions:User is on the Return request form.Test Steps:Click each Reason for Return option one by oneTest Data:Dead On Arrival | Faulty, please supply details | Order Error | Other, please supply details | Received Wrong ItemExpected Result:Each option can be selected. Only one option is active at a time.Actual Result:Each option can be selected. Only one option is active at a time.Status:None",,GonDy,639231f200cb2fc3f98c43d5,,,,,,,,,,,,,,,,,,,,,,0|i000vb:,,,,,To Do,23/Apr/26 7:21 PM
Verify that an error is shown when Product Name is left empty on return form,DG-129,10403,Task,To Do,DG,LambdaTest,software,Ziad Mohey,712020:7bd7cf13-1eba-45c7-889f-d8a6377a3cd8,,Medium,,,,GonDy,639231f200cb2fc3f98c43d5,GonDy,639231f200cb2fc3f98c43d5,23/Apr/26 7:21 PM,23/Apr/26 7:21 PM,,,,0,Test ID: TCUA_100Preconditions:User is on the Return request form.Test Steps:Leave Product Name field emptyTest Data:(empty)Expected Result:NoneActual Result:NoneStatus:Pass,,GonDy,639231f200cb2fc3f98c43d5,,,,,,,,,,,,,,,,,,,,,,0|i000v3:,,,,,To Do,23/Apr/26 7:21 PM
Verify that an error is shown when Order ID is left empty on return form,DG-128,10402,Task,To Do,DG,LambdaTest,software,Ziad Mohey,712020:7bd7cf13-1eba-45c7-889f-d8a6377a3cd8,,Medium,,,,GonDy,639231f200cb2fc3f98c43d5,GonDy,639231f200cb2fc3f98c43d5,23/Apr/26 7:21 PM,23/Apr/26 7:21 PM,,,,0,Test ID: TCUA_99Preconditions:User is on the Return request form.Test Steps:Leave Order ID field emptyTest Data:(empty)Expected Result:NoneActual Result:NoneStatus:Pass,,GonDy,639231f200cb2fc3f98c43d5,,,,,,,,,,,,,,,,,,,,,,0|i000uv:,,,,,To Do,23/Apr/26 7:21 PM
Verify that user can submit a return request with valid data,DG-127,10401,Task,To Do,DG,LambdaTest,software,Ziad Mohey,712020:7bd7cf13-1eba-45c7-889f-d8a6377a3cd8,,Medium,,,,GonDy,639231f200cb2fc3f98c43d5,GonDy,639231f200cb2fc3f98c43d5,23/Apr/26 7:21 PM,23/Apr/26 7:21 PM,,,,0,Test ID: TCUA_98Preconditions:User is on the Return request form.Test Steps:Verify pre-filled fields are correctTest Data:First Name: z | Last Name: m | Email: ziadmohye61@gmail.com | Telephone: 01023573885Expected Result:NoneActual Result:NoneStatus:Pass,,GonDy,639231f200cb2fc3f98c43d5,,,,,,,,,,,,,,,,,,,,,,0|i000un:,,,,,To Do,23/Apr/26 7:21 PM
Verify that the Return request form loads with pre-filled user information,DG-126,10400,Task,To Do,DG,LambdaTest,software,Ziad Mohey,712020:7bd7cf13-1eba-45c7-889f-d8a6377a3cd8,,Medium,,,,GonDy,639231f200cb2fc3f98c43d5,GonDy,639231f200cb2fc3f98c43d5,23/Apr/26 7:21 PM,23/Apr/26 7:21 PM,,,,0,Test ID: TCUA_97Preconditions:User is logged in.Test Steps:Navigate to the Product Returns pageTest Data:—Expected Result:NoneActual Result:NoneStatus:Pass,,GonDy,639231f200cb2fc3f98c43d5,,,,,,,,,,,,,,,,,,,,,,0|i000uf:,,,,,To Do,23/Apr/26 7:21 PM
Verify that Return Details section shows correct information,DG-125,10399,Task,To Do,DG,LambdaTest,software,Ziad Mohey,712020:7bd7cf13-1eba-45c7-889f-d8a6377a3cd8,,Medium,,,,GonDy,639231f200cb2fc3f98c43d5,GonDy,639231f200cb2fc3f98c43d5,23/Apr/26 7:21 PM,23/Apr/26 7:21 PM,,,,0,Test ID: TCUA_96Preconditions:User is viewing a return detail page.Test Steps:Navigate to Product Returns pageTest Data:—Expected Result:NoneActual Result:NoneStatus:Pass,,GonDy,639231f200cb2fc3f98c43d5,,,,,,,,,,,,,,,,,,,,,,0|i000u7:,,,,,To Do,23/Apr/26 7:21 PM
Verify that user can view the details of a return request,DG-124,10398,Task,To Do,DG,LambdaTest,software,Ziad Mohey,712020:7bd7cf13-1eba-45c7-889f-d8a6377a3cd8,,Medium,,,,GonDy,639231f200cb2fc3f98c43d5,GonDy,639231f200cb2fc3f98c43d5,23/Apr/26 7:21 PM,23/Apr/26 7:21 PM,,,,0,Test ID: TCUA_95Preconditions:User has at least one return request.Test Steps:Navigate to the Product Returns pageTest Data:—Expected Result:NoneActual Result:NoneStatus:Pass,,GonDy,639231f200cb2fc3f98c43d5,,,,,,,,,,,,,,,,,,,,,,0|i000tz:,,,,,To Do,23/Apr/26 7:21 PM
Verify that a submitted return request appears in the returns list,DG-123,10397,Task,To Do,DG,LambdaTest,software,Ziad Mohey,712020:7bd7cf13-1eba-45c7-889f-d8a6377a3cd8,,Medium,,,,GonDy,639231f200cb2fc3f98c43d5,GonDy,639231f200cb2fc3f98c43d5,23/Apr/26 7:21 PM,23/Apr/26 7:21 PM,,,,0,"Test ID: TCUA_94Preconditions:User has submitted at least one return request.Test Steps:Navigate to the Product Returns pageTest Data:—Expected Result:Return is listed with correct Return ID, Status (e.g. Awaiting Products), Date Added, Order ID, and Customer name. Pagination shows correctly.Actual Result:Return is listed with correct Return ID, Status (e.g. Awaiting Products), Date Added, Order ID, and Customer name. Pagination shows correctly.Status:Pass",,GonDy,639231f200cb2fc3f98c43d5,,,,,,,,,,,,,,,,,,,,,,0|i000tr:,,,,,To Do,23/Apr/26 7:21 PM
Verify that Product Returns page loads correctly,DG-122,10396,Task,To Do,DG,LambdaTest,software,Ziad Mohey,712020:7bd7cf13-1eba-45c7-889f-d8a6377a3cd8,,Medium,,,,GonDy,639231f200cb2fc3f98c43d5,GonDy,639231f200cb2fc3f98c43d5,23/Apr/26 7:21 PM,23/Apr/26 7:21 PM,,,,0,Test ID: TCUA_93Preconditions:User is logged in.Test Steps:Navigate to My Account pageTest Data:—Expected Result:NoneActual Result:NoneStatus:Pass,,GonDy,639231f200cb2fc3f98c43d5,,,,,,,,,,,,,,,,,,,,,,0|i000tj:,,,,,To Do,23/Apr/26 7:21 PM
Verify that user can unsubscribe from the newsletter,DG-121,10395,Task,To Do,DG,LambdaTest,software,Ziad Mohey,712020:7bd7cf13-1eba-45c7-889f-d8a6377a3cd8,,Medium,,,,GonDy,639231f200cb2fc3f98c43d5,GonDy,639231f200cb2fc3f98c43d5,23/Apr/26 7:21 PM,23/Apr/26 7:21 PM,,,,0,Test ID: TCUA_92Preconditions:User is currently subscribed to the newsletter.Test Steps:Navigate to the Newsletter subscription pageTest Data:—Expected Result:NoneActual Result:NoneStatus:Pass,,GonDy,639231f200cb2fc3f98c43d5,,,,,,,,,,,,,,,,,,,,,,0|i000tb:,,,,,To Do,23/Apr/26 7:21 PM
Verify that user can subscribe to the newsletter,DG-120,10394,Task,To Do,DG,LambdaTest,software,Ziad Mohey,712020:7bd7cf13-1eba-45c7-889f-d8a6377a3cd8,,Medium,,,,GonDy,639231f200cb2fc3f98c43d5,GonDy,639231f200cb2fc3f98c43d5,23/Apr/26 7:21 PM,23/Apr/26 7:21 PM,,,,0,Test ID: TCUA_91Preconditions:User is on the Newsletter subscription page.Test Steps:Select the 'Yes' radio buttonTest Data:SubscribeExpected Result:NoneActual Result:NoneStatus:Pass,,GonDy,639231f200cb2fc3f98c43d5,,,,,,,,,,,,,,,,,,,,,,0|i000t3:,,,,,To Do,23/Apr/26 7:21 PM
Verify that Newsletter subscription page loads correctly,DG-119,10393,Task,To Do,DG,LambdaTest,software,Ziad Mohey,712020:7bd7cf13-1eba-45c7-889f-d8a6377a3cd8,,Medium,,,,GonDy,639231f200cb2fc3f98c43d5,GonDy,639231f200cb2fc3f98c43d5,23/Apr/26 7:21 PM,23/Apr/26 7:21 PM,,,,0,Test ID: TCUA_90Preconditions:User is logged in.Test Steps:Navigate to My Account pageTest Data:—Expected Result:NoneActual Result:NoneStatus:Pass,,GonDy,639231f200cb2fc3f98c43d5,,,,,,,,,,,,,,,,,,,,,,0|i000sv:,,,,,To Do,23/Apr/26 7:21 PM
Verify that user can add a wish list item to the cart,DG-118,10392,Task,To Do,DG,LambdaTest,software,Ziad Mohey,712020:7bd7cf13-1eba-45c7-889f-d8a6377a3cd8,,Medium,,,,GonDy,639231f200cb2fc3f98c43d5,GonDy,639231f200cb2fc3f98c43d5,23/Apr/26 7:21 PM,23/Apr/26 7:21 PM,,,,0,Test ID: TCUA_89Preconditions:User has at least one product in the Wish List.Test Steps:Navigate to the Wish List pageTest Data:—Expected Result:NoneActual Result:NoneStatus:Pass,,GonDy,639231f200cb2fc3f98c43d5,,,,,,,,,,,,,,,,,,,,,,0|i000sn:,,,,,To Do,23/Apr/26 7:21 PM
Verify that user can remove a product from the wish list,DG-117,10391,Task,To Do,DG,LambdaTest,software,Ziad Mohey,712020:7bd7cf13-1eba-45c7-889f-d8a6377a3cd8,,Medium,,,,GonDy,639231f200cb2fc3f98c43d5,GonDy,639231f200cb2fc3f98c43d5,23/Apr/26 7:21 PM,23/Apr/26 7:21 PM,,,,0,Test ID: TCUA_88Preconditions:User has at least one product saved in the Wish List.Test Steps:Navigate to the Wish List pageTest Data:—Expected Result:NoneActual Result:NoneStatus:Pass,,GonDy,639231f200cb2fc3f98c43d5,,,,,,,,,,,,,,,,,,,,,,0|i000sf:,,,,,To Do,23/Apr/26 7:21 PM
Verify that user can add a product to the wish list,DG-116,10390,Task,To Do,DG,LambdaTest,software,Ziad Mohey,712020:7bd7cf13-1eba-45c7-889f-d8a6377a3cd8,,Medium,,,,GonDy,639231f200cb2fc3f98c43d5,GonDy,639231f200cb2fc3f98c43d5,23/Apr/26 7:21 PM,23/Apr/26 7:21 PM,,,,0,Test ID: TCUA_87Preconditions:User is logged in and on a product detail page.Test Steps:Navigate to any product detail pageTest Data:—Expected Result:NoneActual Result:NoneStatus:Pass,,GonDy,639231f200cb2fc3f98c43d5,,,,,,,,,,,,,,,,,,,,,,0|i000s7:,,,,,To Do,23/Apr/26 7:21 PM
Verify that Wish List page loads correctly,DG-115,10389,Task,To Do,DG,LambdaTest,software,Ziad Mohey,712020:7bd7cf13-1eba-45c7-889f-d8a6377a3cd8,,Medium,,,,GonDy,639231f200cb2fc3f98c43d5,GonDy,639231f200cb2fc3f98c43d5,23/Apr/26 7:21 PM,23/Apr/26 7:21 PM,,,,0,Test ID: TCUA_86Preconditions:User is logged in.Test Steps:Navigate to My Account pageTest Data:—Expected Result:NoneActual Result:NoneStatus:Pass,,GonDy,639231f200cb2fc3f98c43d5,,,,,,,,,,,,,,,,,,,,,,0|i000rz:,,,,,To Do,23/Apr/26 7:21 PM
Verify that user can edit an existing address,DG-114,10388,Task,To Do,DG,LambdaTest,software,Ziad Mohey,712020:7bd7cf13-1eba-45c7-889f-d8a6377a3cd8,,Medium,,,,GonDy,639231f200cb2fc3f98c43d5,GonDy,639231f200cb2fc3f98c43d5,23/Apr/26 7:21 PM,23/Apr/26 7:21 PM,,,,0,Test ID: TCUA_85Preconditions:User has at least one saved address.Test Steps:Navigate to the Address Book pageTest Data:—Expected Result:NoneActual Result:NoneStatus:Pass,,GonDy,639231f200cb2fc3f98c43d5,,,,,,,,,,,,,,,,,,,,,,0|i000rr:,,,,,To Do,23/Apr/26 7:21 PM
Verify that user can delete an existing address,DG-113,10387,Task,To Do,DG,LambdaTest,software,Ziad Mohey,712020:7bd7cf13-1eba-45c7-889f-d8a6377a3cd8,,Medium,,,,GonDy,639231f200cb2fc3f98c43d5,GonDy,639231f200cb2fc3f98c43d5,23/Apr/26 7:21 PM,23/Apr/26 7:21 PM,,,,0,Test ID: TCUA_84Preconditions:User has at least one saved address.Test Steps:Navigate to the Address Book pageTest Data:—Expected Result:NoneActual Result:NoneStatus:Pass,,GonDy,639231f200cb2fc3f98c43d5,,,,,,,,,,,,,,,,,,,,,,0|i000rj:,,,,,To Do,23/Apr/26 7:21 PM
Verify that user can add a new address successfully,DG-112,10386,Task,To Do,DG,LambdaTest,software,Ziad Mohey,712020:7bd7cf13-1eba-45c7-889f-d8a6377a3cd8,,Medium,,,,GonDy,639231f200cb2fc3f98c43d5,GonDy,639231f200cb2fc3f98c43d5,23/Apr/26 7:21 PM,23/Apr/26 7:21 PM,,,,0,Test ID: TCUA_83Preconditions:User is on the Address Book page.Test Steps:Click 'New Address'Test Data:—Expected Result:NoneActual Result:NoneStatus:Pass,,GonDy,639231f200cb2fc3f98c43d5,,,,,,,,,,,,,,,,,,,,,,0|i000rb:,,,,,To Do,23/Apr/26 7:21 PM
Verify that Address Book page loads correctly,DG-111,10385,Task,To Do,DG,LambdaTest,software,Ziad Mohey,712020:7bd7cf13-1eba-45c7-889f-d8a6377a3cd8,,Medium,,,,GonDy,639231f200cb2fc3f98c43d5,GonDy,639231f200cb2fc3f98c43d5,23/Apr/26 7:21 PM,23/Apr/26 7:21 PM,,,,0,Test ID: TCUA_82Preconditions:User is logged in.Test Steps:Navigate to My Account pageTest Data:—Expected Result:NoneActual Result:NoneStatus:Pass,,GonDy,639231f200cb2fc3f98c43d5,,,,,,,,,,,,,,,,,,,,,,0|i000r3:,,,,,To Do,23/Apr/26 7:21 PM
Verify that the old password cannot be used after changing it,DG-110,10384,Task,To Do,DG,LambdaTest,software,Ziad Mohey,712020:7bd7cf13-1eba-45c7-889f-d8a6377a3cd8,,Medium,,,,GonDy,639231f200cb2fc3f98c43d5,GonDy,639231f200cb2fc3f98c43d5,23/Apr/26 7:21 PM,23/Apr/26 7:21 PM,,,,0,Test ID: TCUA_81Preconditions:User has changed password from OldPass@1234 to NewPass@9999.Test Steps:Log out from the accountTest Data:—Expected Result:NoneActual Result:NoneStatus:Pass,,GonDy,639231f200cb2fc3f98c43d5,,,,,,,,,,,,,,,,,,,,,,0|i000qv:,,,,,To Do,23/Apr/26 7:21 PM
Verify that the user can log in with the new password after changing it,DG-109,10383,Task,To Do,DG,LambdaTest,software,Ziad Mohey,712020:7bd7cf13-1eba-45c7-889f-d8a6377a3cd8,,Medium,,,,GonDy,639231f200cb2fc3f98c43d5,GonDy,639231f200cb2fc3f98c43d5,23/Apr/26 7:21 PM,23/Apr/26 7:21 PM,,,,0,Test ID: TCUA_80Preconditions:User has successfully changed password to NewPass@9999.Test Steps:Log out from the accountTest Data:—Expected Result:NoneActual Result:NoneStatus:Pass,,GonDy,639231f200cb2fc3f98c43d5,,,,,,,,,,,,,,,,,,,,,,0|i000qn:,,,,,To Do,23/Apr/26 7:21 PM
Verify that an error is shown when password is below minimum length,DG-108,10382,Task,To Do,DG,LambdaTest,software,Ziad Mohey,712020:7bd7cf13-1eba-45c7-889f-d8a6377a3cd8,,Medium,,,,GonDy,639231f200cb2fc3f98c43d5,GonDy,639231f200cb2fc3f98c43d5,23/Apr/26 7:21 PM,23/Apr/26 7:21 PM,,,,0,Test ID: TCUA_79Preconditions:User is on the Change Password page.Test Steps:Enter a short passwordTest Data:123Expected Result:NoneActual Result:NoneStatus:Pass,,GonDy,639231f200cb2fc3f98c43d5,,,,,,,,,,,,,,,,,,,,,,0|i000qf:,,,,,To Do,23/Apr/26 7:21 PM
Verify that an error is shown when Password field is empty,DG-107,10381,Task,To Do,DG,LambdaTest,software,Ziad Mohey,712020:7bd7cf13-1eba-45c7-889f-d8a6377a3cd8,,Medium,,,,GonDy,639231f200cb2fc3f98c43d5,GonDy,639231f200cb2fc3f98c43d5,23/Apr/26 7:21 PM,23/Apr/26 7:21 PM,,,,0,Test ID: TCUA_78Preconditions:User is on the Change Password page.Test Steps:Leave Password field emptyTest Data:(empty)Expected Result:NoneActual Result:NoneStatus:Pass,,GonDy,639231f200cb2fc3f98c43d5,,,,,,,,,,,,,,,,,,,,,,0|i000q7:,,,,,To Do,23/Apr/26 7:21 PM
Verify that an error is shown when Password and Confirm do not match,DG-106,10380,Task,To Do,DG,LambdaTest,software,Ziad Mohey,712020:7bd7cf13-1eba-45c7-889f-d8a6377a3cd8,,Medium,,,,GonDy,639231f200cb2fc3f98c43d5,GonDy,639231f200cb2fc3f98c43d5,23/Apr/26 7:21 PM,23/Apr/26 7:21 PM,,,,0,Test ID: TCUA_77Preconditions:User is on the Change Password page.Test Steps:Enter a new passwordTest Data:NewPass@9999Expected Result:NoneActual Result:NoneStatus:Pass,,GonDy,639231f200cb2fc3f98c43d5,,,,,,,,,,,,,,,,,,,,,,0|i000pz:,,,,,To Do,23/Apr/26 7:21 PM
Verify that user can change password successfully with valid data,DG-105,10379,Task,To Do,DG,LambdaTest,software,Ziad Mohey,712020:7bd7cf13-1eba-45c7-889f-d8a6377a3cd8,,Medium,,,,GonDy,639231f200cb2fc3f98c43d5,GonDy,639231f200cb2fc3f98c43d5,23/Apr/26 7:21 PM,23/Apr/26 7:21 PM,,,,0,Test ID: TCUA_76Preconditions:User is on the Change Password page.Test Steps:Enter a new password in the Password fieldTest Data:NewPass@9999Expected Result:NoneActual Result:NoneStatus:Pass,,GonDy,639231f200cb2fc3f98c43d5,,,,,,,,,,,,,,,,,,,,,,0|i000pr:,,,,,To Do,23/Apr/26 7:21 PM
Verify that the Change Password page loads correctly,DG-104,10378,Task,To Do,DG,LambdaTest,software,Ziad Mohey,712020:7bd7cf13-1eba-45c7-889f-d8a6377a3cd8,,Medium,,,,GonDy,639231f200cb2fc3f98c43d5,GonDy,639231f200cb2fc3f98c43d5,23/Apr/26 7:21 PM,23/Apr/26 7:21 PM,,,,0,Test ID: TCUA_75Preconditions:User is logged in.Test Steps:Navigate to My Account pageTest Data:—Expected Result:NoneActual Result:NoneStatus:Pass,,GonDy,639231f200cb2fc3f98c43d5,,,,,,,,,,,,,,,,,,,,,,0|i000pj:,,,,,To Do,23/Apr/26 7:21 PM
Verify that user can update account information successfully,DG-103,10377,Task,To Do,DG,LambdaTest,software,Ziad Mohey,712020:7bd7cf13-1eba-45c7-889f-d8a6377a3cd8,,Medium,,,,GonDy,639231f200cb2fc3f98c43d5,GonDy,639231f200cb2fc3f98c43d5,23/Apr/26 7:21 PM,23/Apr/26 7:21 PM,,,,0,Test ID: TCUA_74Preconditions:User is on the Edit Account page.Test Steps:Clear and update the First Name fieldTest Data:AliExpected Result:NoneActual Result:NoneStatus:Pass,,GonDy,639231f200cb2fc3f98c43d5,,,,,,,,,,,,,,,,,,,,,,0|i000pb:,,,,,To Do,23/Apr/26 7:21 PM
Verify the Back button functionality on Edit Account page,DG-102,10376,Task,To Do,DG,LambdaTest,software,Ziad Mohey,712020:7bd7cf13-1eba-45c7-889f-d8a6377a3cd8,,Medium,,,,GonDy,639231f200cb2fc3f98c43d5,GonDy,639231f200cb2fc3f98c43d5,23/Apr/26 7:21 PM,23/Apr/26 7:21 PM,,,,0,Test ID: TCUA_73Preconditions:User is on the Edit Account page.Test Steps:Clear and update the First Name fieldTest Data:AliExpected Result:NoneActual Result:NoneStatus:Pass,,GonDy,639231f200cb2fc3f98c43d5,,,,,,,,,,,,,,,,,,,,,,0|i000p3:,,,,,To Do,23/Apr/26 7:21 PM
Verify that an error is shown when Email is changed to an already registered email,DG-101,10375,Task,To Do,DG,LambdaTest,software,Ziad Mohey,712020:7bd7cf13-1eba-45c7-889f-d8a6377a3cd8,,Medium,,,,GonDy,639231f200cb2fc3f98c43d5,GonDy,639231f200cb2fc3f98c43d5,23/Apr/26 7:21 PM,23/Apr/26 7:21 PM,,,,0,Test ID: TCUA_72Preconditions:Another account exists with the email other@test.com.Test Steps:Clear the E-Mail field and enter the already registered emailTest Data:other@test.comExpected Result:NoneActual Result:NoneStatus:Pass,,GonDy,639231f200cb2fc3f98c43d5,,,,,,,,,,,,,,,,,,,,,,0|i000ov:,,,,,To Do,23/Apr/26 7:21 PM
Verify that an error is shown when Email is changed to an invalid format,DG-100,10374,Task,To Do,DG,LambdaTest,software,Ziad Mohey,712020:7bd7cf13-1eba-45c7-889f-d8a6377a3cd8,,Medium,,,,GonDy,639231f200cb2fc3f98c43d5,GonDy,639231f200cb2fc3f98c43d5,23/Apr/26 7:21 PM,23/Apr/26 7:21 PM,,,,0,Test ID: TCUA_71Preconditions:User is on the Edit Account page.Test Steps:Clear the E-Mail field and enter an invalid emailTest Data:notanemailExpected Result:NoneActual Result:NoneStatus:Pass,,GonDy,639231f200cb2fc3f98c43d5,,,,,,,,,,,,,,,,,,,,,,0|i000on:,,,,,To Do,23/Apr/26 7:21 PM
Verify that an error is shown when First Name is cleared and form is saved,DG-99,10373,Task,To Do,DG,LambdaTest,software,Ziad Mohey,712020:7bd7cf13-1eba-45c7-889f-d8a6377a3cd8,,Medium,,,,GonDy,639231f200cb2fc3f98c43d5,GonDy,639231f200cb2fc3f98c43d5,23/Apr/26 7:21 PM,23/Apr/26 7:21 PM,,,,0,Test ID: TCUA_70Preconditions:User is on the Edit Account page.Test Steps:Clear the First Name fieldTest Data:(empty)Expected Result:NoneActual Result:NoneStatus:Pass,,GonDy,639231f200cb2fc3f98c43d5,,,,,,,,,,,,,,,,,,,,,,0|i000of:,,,,,To Do,23/Apr/26 7:21 PM
Verify that Edit Account page loads with pre-filled user data,DG-98,10372,Task,To Do,DG,LambdaTest,software,Ziad Mohey,712020:7bd7cf13-1eba-45c7-889f-d8a6377a3cd8,,Medium,,,,GonDy,639231f200cb2fc3f98c43d5,GonDy,639231f200cb2fc3f98c43d5,23/Apr/26 7:21 PM,23/Apr/26 7:21 PM,,,,0,Test ID: TCUA_69Preconditions:User is logged in.Test Steps:Navigate to My Account pageTest Data:—Expected Result:NoneActual Result:NoneStatus:Pass,,GonDy,639231f200cb2fc3f98c43d5,,,,,,,,,,,,,,,,,,,,,,0|i000o7:,,,,,To Do,23/Apr/26 7:21 PM
Verify that all My Affiliate Account section links are clickable and navigate correctly,DG-97,10371,Task,To Do,DG,LambdaTest,software,Ziad Mohey,712020:7bd7cf13-1eba-45c7-889f-d8a6377a3cd8,,Medium,,,,GonDy,639231f200cb2fc3f98c43d5,GonDy,639231f200cb2fc3f98c43d5,23/Apr/26 7:21 PM,23/Apr/26 7:21 PM,,,,0,Test ID: TCUA_68Preconditions:User is logged in and on the My Account page.Test Steps:Navigate to My Account pageTest Data:—Expected Result:NoneActual Result:NoneStatus:Pass,,GonDy,639231f200cb2fc3f98c43d5,,,,,,,,,,,,,,,,,,,,,,0|i000nz:,,,,,To Do,23/Apr/26 7:21 PM
Verify that the breadcrumb navigation displays correctly,DG-96,10370,Task,To Do,DG,LambdaTest,software,Ziad Mohey,712020:7bd7cf13-1eba-45c7-889f-d8a6377a3cd8,,Medium,,,,GonDy,639231f200cb2fc3f98c43d5,GonDy,639231f200cb2fc3f98c43d5,23/Apr/26 7:21 PM,23/Apr/26 7:21 PM,,,,0,Test ID: TCUA_67Preconditions:User is logged in.Test Steps:Navigate to My Account pageTest Data:—Expected Result:NoneActual Result:NoneStatus:Pass,,GonDy,639231f200cb2fc3f98c43d5,,,,,,,,,,,,,,,,,,,,,,0|i000nr:,,,,,To Do,23/Apr/26 7:21 PM
Verify that the sidebar navigation links all work correctly,DG-95,10369,Task,To Do,DG,LambdaTest,software,Ziad Mohey,712020:7bd7cf13-1eba-45c7-889f-d8a6377a3cd8,,Medium,,,,GonDy,639231f200cb2fc3f98c43d5,GonDy,639231f200cb2fc3f98c43d5,23/Apr/26 7:21 PM,23/Apr/26 7:21 PM,,,,0,Test ID: TCUA_66Preconditions:User is logged in and on the My Account page.Test Steps:Navigate to My Account pageTest Data:—Expected Result:NoneActual Result:NoneStatus:Pass,,GonDy,639231f200cb2fc3f98c43d5,,,,,,,,,,,,,,,,,,,,,,0|i000nj:,,,,,To Do,23/Apr/26 7:21 PM
Verify that all My Orders section links are clickable and navigate correctly,DG-94,10368,Task,To Do,DG,LambdaTest,software,Ziad Mohey,712020:7bd7cf13-1eba-45c7-889f-d8a6377a3cd8,,Medium,,,,GonDy,639231f200cb2fc3f98c43d5,GonDy,639231f200cb2fc3f98c43d5,23/Apr/26 7:21 PM,23/Apr/26 7:21 PM,,,,0,Test ID: TCUA_65Preconditions:User is logged in and on the My Account page.Test Steps:Navigate to My Account pageTest Data:—Expected Result:NoneActual Result:NoneStatus:Pass,,GonDy,639231f200cb2fc3f98c43d5,,,,,,,,,,,,,,,,,,,,,,0|i000nb:,,,,,To Do,23/Apr/26 7:21 PM
Verify that all My Account section links are clickable and navigate correctly,DG-93,10367,Task,To Do,DG,LambdaTest,software,Ziad Mohey,712020:7bd7cf13-1eba-45c7-889f-d8a6377a3cd8,,Medium,,,,GonDy,639231f200cb2fc3f98c43d5,GonDy,639231f200cb2fc3f98c43d5,23/Apr/26 7:21 PM,23/Apr/26 7:21 PM,,,,0,Test ID: TCUA_64Preconditions:User is logged in and on the My Account page.Test Steps:Navigate to My Account pageTest Data:—Expected Result:NoneActual Result:NoneStatus:Pass,,GonDy,639231f200cb2fc3f98c43d5,,,,,,,,,,,,,,,,,,,,,,0|i000n3:,,,,,To Do,23/Apr/26 7:21 PM
Verify that My Account page loads correctly with all sections visible,DG-92,10366,Task,To Do,DG,LambdaTest,software,Ziad Mohey,712020:7bd7cf13-1eba-45c7-889f-d8a6377a3cd8,,Medium,,,,GonDy,639231f200cb2fc3f98c43d5,GonDy,639231f200cb2fc3f98c43d5,23/Apr/26 7:21 PM,23/Apr/26 7:21 PM,,,,0,"Test ID: TCUA_63Preconditions:User is logged in.Test Steps:Navigate to My Account pageTest Data:—Expected Result:My Account, My Orders, and My Affiliate Account sections all display correctly with all icons and links visible.Actual Result:My Account, My Orders, and My Affiliate Account sections all display correctly with all icons and links visible.Status:Pass",,GonDy,639231f200cb2fc3f98c43d5,,,,,,,,,,,,,,,,,,,,,,0|i000mv:,,,,,To Do,23/Apr/26 7:21 PM
Verify that Order History page shows a message when no orders exist,DG-91,10365,Task,To Do,DG,LambdaTest,software,Ziad Mohey,712020:7bd7cf13-1eba-45c7-889f-d8a6377a3cd8,,Medium,,,,GonDy,639231f200cb2fc3f98c43d5,GonDy,639231f200cb2fc3f98c43d5,23/Apr/26 7:21 PM,23/Apr/26 7:21 PM,,,,0,Test ID: TCUA_62Preconditions:User is logged in and has never placed an order.Test Steps:Navigate to Order History pageTest Data:—Expected Result:A message 'No Results' appears indicating no orders have been placed yet.Actual Result:A message 'No Results' appears indicating no orders have been placed yet.Status:Pass,,GonDy,639231f200cb2fc3f98c43d5,,,,,,,,,,,,,,,,,,,,,,0|i000mn:,,,,,To Do,23/Apr/26 7:21 PM
Verify that user can view the details of a past order,DG-90,10364,Task,To Do,DG,LambdaTest,software,Ziad Mohey,712020:7bd7cf13-1eba-45c7-889f-d8a6377a3cd8,,Medium,,,,GonDy,639231f200cb2fc3f98c43d5,GonDy,639231f200cb2fc3f98c43d5,23/Apr/26 7:21 PM,23/Apr/26 7:21 PM,,,,0,Test ID: TCUA_61Preconditions:User has at least one past order.Test Steps:Navigate to Order History pageTest Data:—Expected Result:NoneActual Result:NoneStatus:Pass,,GonDy,639231f200cb2fc3f98c43d5,,,,,,,,,,,,,,,,,,,,,,0|i000mf:,,,,,To Do,23/Apr/26 7:21 PM
Verify that Order History page loads correctly,DG-89,10363,Task,To Do,DG,LambdaTest,software,Ziad Mohey,712020:7bd7cf13-1eba-45c7-889f-d8a6377a3cd8,,Medium,,,,GonDy,639231f200cb2fc3f98c43d5,GonDy,639231f200cb2fc3f98c43d5,23/Apr/26 7:21 PM,23/Apr/26 7:21 PM,,,,0,Test ID: TCUA_60Preconditions:User is logged in.Test Steps:Navigate to My Account pageTest Data:—Expected Result:NoneActual Result:NoneStatus:Pass,,GonDy,639231f200cb2fc3f98c43d5,,,,,,,,,,,,,,,,,,,,,,0|i000m7:,,,,,To Do,23/Apr/26 7:21 PM
Verify that an email with special characters in domain is rejected,DG-88,10362,Task,To Do,DG,LambdaTest,software,Ziad Mohey,712020:7bd7cf13-1eba-45c7-889f-d8a6377a3cd8,,Medium,,,,GonDy,639231f200cb2fc3f98c43d5,GonDy,639231f200cb2fc3f98c43d5,23/Apr/26 7:21 PM,23/Apr/26 7:21 PM,,,,0,Test ID: TCUA_58Preconditions:User is on the Forgotten Password page.Test Steps:Enter an email with invalid domain charactersTest Data:test@domain!.comExpected Result:NoneActual Result:NoneStatus:Pass,,GonDy,639231f200cb2fc3f98c43d5,,,,,,,,,,,,,,,,,,,,,,0|i000lz:,,,,,To Do,23/Apr/26 7:21 PM
Verify that the old password no longer works after a reset,DG-87,10361,Task,To Do,DG,LambdaTest,software,Ziad Mohey,712020:7bd7cf13-1eba-45c7-889f-d8a6377a3cd8,,Medium,,,,GonDy,639231f200cb2fc3f98c43d5,GonDy,639231f200cb2fc3f98c43d5,23/Apr/26 7:21 PM,23/Apr/26 7:21 PM,,,,0,Test ID: TCUA_57Preconditions:User has successfully reset their password to NewPass@5678.Test Steps:Navigate to the Login pageTest Data:—Expected Result:NoneActual Result:NoneStatus:Faildue to TCUA_46,,GonDy,639231f200cb2fc3f98c43d5,,,,,,,,,,,,,,,,,,,,,,0|i000lr:,,,,,To Do,23/Apr/26 7:21 PM
Verify that a reset link cannot be used more than once,DG-86,10360,Task,To Do,DG,LambdaTest,software,Ziad Mohey,712020:7bd7cf13-1eba-45c7-889f-d8a6377a3cd8,,Medium,,,,GonDy,639231f200cb2fc3f98c43d5,GonDy,639231f200cb2fc3f98c43d5,23/Apr/26 7:21 PM,23/Apr/26 7:21 PM,,,,0,Test ID: TCUA_56Preconditions:User has already used the reset link to change their password.Test Steps:Click the already-used reset link from the emailTest Data:Previously used reset URLExpected Result:NoneActual Result:NoneStatus:Faildue to TCUA_46,,GonDy,639231f200cb2fc3f98c43d5,,,,,,,,,,,,,,,,,,,,,,0|i000lj:,,,,,To Do,23/Apr/26 7:21 PM
Verify that an expired reset link cannot be used,DG-85,10359,Task,To Do,DG,LambdaTest,software,Ziad Mohey,712020:7bd7cf13-1eba-45c7-889f-d8a6377a3cd8,,Medium,,,,GonDy,639231f200cb2fc3f98c43d5,GonDy,639231f200cb2fc3f98c43d5,23/Apr/26 7:21 PM,23/Apr/26 7:21 PM,,,,0,Test ID: TCUA_55Preconditions:A password reset email was received but the link has expired.Test Steps:Open the expired reset link from the emailTest Data:Expired reset URLExpected Result:NoneActual Result:NoneStatus:Faildue to TCUA_46,,GonDy,639231f200cb2fc3f98c43d5,,,,,,,,,,,,,,,,,,,,,,0|i000lb:,,,,,To Do,23/Apr/26 7:21 PM
Verify that an error is shown when an unregistered email is submitted,DG-84,10358,Task,To Do,DG,LambdaTest,software,Ziad Mohey,712020:7bd7cf13-1eba-45c7-889f-d8a6377a3cd8,,Medium,,,,GonDy,639231f200cb2fc3f98c43d5,GonDy,639231f200cb2fc3f98c43d5,23/Apr/26 7:21 PM,23/Apr/26 7:21 PM,,,,0,Test ID: TCUA_54Preconditions:The email notexist@test.com is not registered in the system.Test Steps:Enter an unregistered email in E-Mail Address fieldTest Data:notexist@test.comExpected Result:NoneActual Result:NoneStatus:Pass,,GonDy,639231f200cb2fc3f98c43d5,,,,,,,,,,,,,,,,,,,,,,0|i000l3:,,,,,To Do,23/Apr/26 7:21 PM
Verify that an error is shown when an invalid email format is entered,DG-83,10357,Task,To Do,DG,LambdaTest,software,Ziad Mohey,712020:7bd7cf13-1eba-45c7-889f-d8a6377a3cd8,,Medium,,,,GonDy,639231f200cb2fc3f98c43d5,GonDy,639231f200cb2fc3f98c43d5,23/Apr/26 7:21 PM,23/Apr/26 7:21 PM,,,,0,Test ID: TCUA_53Preconditions:User is on the Forgotten Password page.Test Steps:Enter an invalid email format in E-Mail Address fieldTest Data:invalidemailExpected Result:NoneActual Result:NoneStatus:Pass,,GonDy,639231f200cb2fc3f98c43d5,,,,,,,,,,,,,,,,,,,,,,0|i000kv:,,,,,To Do,23/Apr/26 7:21 PM
Verify that an error is shown when E-Mail Address field is empty,DG-82,10356,Task,To Do,DG,LambdaTest,software,Ziad Mohey,712020:7bd7cf13-1eba-45c7-889f-d8a6377a3cd8,,Medium,,,,GonDy,639231f200cb2fc3f98c43d5,GonDy,639231f200cb2fc3f98c43d5,23/Apr/26 7:21 PM,23/Apr/26 7:21 PM,,,,0,Test ID: TCUA_52Preconditions:User is on the Forgotten Password page.Test Steps:Leave the E-Mail Address field emptyTest Data:(empty)Expected Result:NoneActual Result:NoneStatus:Pass,,GonDy,639231f200cb2fc3f98c43d5,,,,,,,,,,,,,,,,,,,,,,0|i000kn:,,,,,To Do,23/Apr/26 7:21 PM
Verify that the user can log in with the new password after reset,DG-81,10355,Task,To Do,DG,LambdaTest,software,Ziad Mohey,712020:7bd7cf13-1eba-45c7-889f-d8a6377a3cd8,,Medium,,,,GonDy,639231f200cb2fc3f98c43d5,GonDy,639231f200cb2fc3f98c43d5,23/Apr/26 7:21 PM,23/Apr/26 7:21 PM,,,,0,Test ID: TCUA_51Preconditions:User has successfully reset their password to NewPass@5678.Test Steps:Navigate to the Login pageTest Data:—Expected Result:NoneActual Result:NoneStatus:Faildue to TCUA_46,,GonDy,639231f200cb2fc3f98c43d5,,,,,,,,,,,,,,,,,,,,,,0|i000kf:,,,,,To Do,23/Apr/26 7:21 PM
Verify that a new password can be set using the reset link,DG-80,10354,Task,To Do,DG,LambdaTest,software,Ziad Mohey,712020:7bd7cf13-1eba-45c7-889f-d8a6377a3cd8,,Medium,,,,GonDy,639231f200cb2fc3f98c43d5,GonDy,639231f200cb2fc3f98c43d5,23/Apr/26 7:21 PM,23/Apr/26 7:21 PM,,,,0,Test ID: TCUA_50Preconditions:User has received a valid password reset email.Test Steps:Click the reset link in the emailTest Data:—Expected Result:NoneActual Result:NoneStatus:Faildue to TCUA_46,,GonDy,639231f200cb2fc3f98c43d5,,,,,,,,,,,,,,,,,,,,,,0|i000k7:,,,,,To Do,23/Apr/26 7:21 PM
Verify that the Forgotten Password page loads correctly with all elements visible,DG-79,10353,Task,To Do,DG,LambdaTest,software,Ziad Mohey,712020:7bd7cf13-1eba-45c7-889f-d8a6377a3cd8,,Medium,,,,GonDy,639231f200cb2fc3f98c43d5,GonDy,639231f200cb2fc3f98c43d5,23/Apr/26 7:21 PM,23/Apr/26 7:21 PM,,,,0,"Test ID: TCUA_49Preconditions:User is not logged in.Test Steps:Navigate to the Forgotten Password pageTest Data:—Expected Result:E-Mail Address field, Back button, Continue button, and page title all display correctly.Actual Result:E-Mail Address field, Back button, Continue button, and page title all display correctly.Status:Pass",,GonDy,639231f200cb2fc3f98c43d5,,,,,,,,,,,,,,,,,,,,,,0|i000jz:,,,,,To Do,23/Apr/26 7:21 PM
Verify that the Back button navigates to the Login page,DG-78,10352,Task,To Do,DG,LambdaTest,software,Ziad Mohey,712020:7bd7cf13-1eba-45c7-889f-d8a6377a3cd8,,Medium,,,,GonDy,639231f200cb2fc3f98c43d5,GonDy,639231f200cb2fc3f98c43d5,23/Apr/26 7:21 PM,23/Apr/26 7:21 PM,,,,0,Test ID: TCUA_48Preconditions:User is on the Forgotten Password page.Test Steps:Navigate to the Forgotten Password pageTest Data:—Expected Result:NoneActual Result:NoneStatus:Pass,,GonDy,639231f200cb2fc3f98c43d5,,,,,,,,,,,,,,,,,,,,,,0|i000jr:,,,,,To Do,23/Apr/26 7:21 PM
Verify that the reset link navigates to the password reset page,DG-77,10351,Task,To Do,DG,LambdaTest,software,Ziad Mohey,712020:7bd7cf13-1eba-45c7-889f-d8a6377a3cd8,,Medium,,,,GonDy,639231f200cb2fc3f98c43d5,GonDy,639231f200cb2fc3f98c43d5,23/Apr/26 7:21 PM,23/Apr/26 7:21 PM,,,,0,Test ID: TCUA_47Preconditions:Password reset email has been received.Test Steps:Open the password reset emailTest Data:—Expected Result:NoneActual Result:NoneStatus:Faildue to TCUA_46,,GonDy,639231f200cb2fc3f98c43d5,,,,,,,,,,,,,,,,,,,,,,0|i000jj:,,,,,To Do,23/Apr/26 7:21 PM
Verify that the reset email is received in the inbox,DG-76,10350,Task,To Do,DG,LambdaTest,software,Ziad Mohey,712020:7bd7cf13-1eba-45c7-889f-d8a6377a3cd8,,Medium,,,,GonDy,639231f200cb2fc3f98c43d5,GonDy,639231f200cb2fc3f98c43d5,23/Apr/26 7:21 PM,23/Apr/26 7:21 PM,,,,0,Test ID: TCUA_46Preconditions:A valid registered email has been submitted on the Forgotten Password page.Test Steps:Submit a registered email and click ContinueTest Data:registered@test.comExpected Result:NoneActual Result:NoneStatus:Fail,,GonDy,639231f200cb2fc3f98c43d5,,,,,,,,,,,,,,,,,,,,,,0|i000jb:,,,,,To Do,23/Apr/26 7:21 PM
Verify that a reset link is sent when a registered email is submitted,DG-75,10349,Task,To Do,DG,LambdaTest,software,Ziad Mohey,712020:7bd7cf13-1eba-45c7-889f-d8a6377a3cd8,,Medium,,,,GonDy,639231f200cb2fc3f98c43d5,GonDy,639231f200cb2fc3f98c43d5,23/Apr/26 7:21 PM,23/Apr/26 7:21 PM,,,,0,Test ID: TCUA_45Preconditions:User is not logged in. User has a registered account.Test Steps:Navigate to the Forgotten Password pageTest Data:—Expected Result:NoneActual Result:NoneStatus:Pass,,GonDy,639231f200cb2fc3f98c43d5,,,,,,,,,,,,,,,,,,,,,,0|i000j3:,,,,,To Do,23/Apr/26 7:21 PM
Verify that clicking Back after registration does not allow re-submitting the form,DG-74,10348,Task,To Do,DG,LambdaTest,software,Ziad Mohey,712020:7bd7cf13-1eba-45c7-889f-d8a6377a3cd8,,Medium,,,,GonDy,639231f200cb2fc3f98c43d5,GonDy,639231f200cb2fc3f98c43d5,23/Apr/26 7:21 PM,23/Apr/26 7:21 PM,,,,0,Test ID: TCUA_44Preconditions:User has just registered a new account and is on the confirmation or dashboard page.Test Steps:Complete registration with valid dataTest Data:Email: newuser@test.com | Password: Test@1234Expected Result:NoneActual Result:NoneStatus:Fail,,GonDy,639231f200cb2fc3f98c43d5,,,,,,,,,,,,,,,,,,,,,,0|i000iv:,,,,,To Do,23/Apr/26 7:21 PM
Verify that clicking Back after logout does not restore the logged-in session,DG-73,10347,Task,To Do,DG,LambdaTest,software,Ziad Mohey,712020:7bd7cf13-1eba-45c7-889f-d8a6377a3cd8,,Medium,,,,GonDy,639231f200cb2fc3f98c43d5,GonDy,639231f200cb2fc3f98c43d5,23/Apr/26 7:21 PM,23/Apr/26 7:21 PM,,,,0,Test ID: TCUA_43Preconditions:User was logged in and has just logged out.Test Steps:Log in with valid credentialsTest Data:Email: registered@test.com | Password: Test@1234Expected Result:NoneActual Result:NoneStatus:Fail,,GonDy,639231f200cb2fc3f98c43d5,,,,,,,,,,,,,,,,,,,,,,0|i000in:,,,,,To Do,23/Apr/26 7:21 PM
Verify that clicking Back after login does not restore the logged-out session,DG-72,10346,Task,To Do,DG,LambdaTest,software,Ziad Mohey,712020:7bd7cf13-1eba-45c7-889f-d8a6377a3cd8,,Medium,,,,GonDy,639231f200cb2fc3f98c43d5,GonDy,639231f200cb2fc3f98c43d5,23/Apr/26 7:21 PM,23/Apr/26 7:21 PM,,,,0,Test ID: TCUA_42Preconditions:User was previously logged out and then logged in again.Test Steps:Log in with valid credentialsTest Data:Email: registered@test.com | Password: Test@1234Expected Result:NoneActual Result:NoneStatus:Fail,,GonDy,639231f200cb2fc3f98c43d5,,,,,,,,,,,,,,,,,,,,,,0|i000if:,,,,,To Do,23/Apr/26 7:21 PM
Verify that logout is completed successfully,DG-71,10345,Task,To Do,DG,LambdaTest,software,Ziad Mohey,712020:7bd7cf13-1eba-45c7-889f-d8a6377a3cd8,,Medium,,,,GonDy,639231f200cb2fc3f98c43d5,GonDy,639231f200cb2fc3f98c43d5,23/Apr/26 7:21 PM,23/Apr/26 7:21 PM,,,,0,Test ID: TCUA_41Preconditions:User is logged in with a registered account.Test Steps:Navigate to any page while logged inTest Data:—Expected Result:NoneActual Result:NoneStatus:Pass,,GonDy,639231f200cb2fc3f98c43d5,,,,,,,,,,,,,,,,,,,,,,0|i000i7:,,,,,To Do,23/Apr/26 7:21 PM
Verify that an error is shown when registering with an email that does not exist,DG-70,10344,Task,To Do,DG,LambdaTest,software,Ziad Mohey,712020:7bd7cf13-1eba-45c7-889f-d8a6377a3cd8,,Medium,,,,GonDy,639231f200cb2fc3f98c43d5,GonDy,639231f200cb2fc3f98c43d5,23/Apr/26 7:21 PM,23/Apr/26 7:21 PM,,,,0,Test ID: TCUA_40Preconditions:User is on the Register Account page.Test Steps:Navigate to the Register Account pageTest Data:—Expected Result:NoneActual Result:NoneStatus:Fail,,GonDy,639231f200cb2fc3f98c43d5,,,,,,,,,,,,,,,,,,,,,,0|i000hz:,,,,,To Do,23/Apr/26 7:21 PM
Verify that the Register page loads correctly with all elements visible,DG-69,10343,Task,To Do,DG,LambdaTest,software,Ziad Mohey,712020:7bd7cf13-1eba-45c7-889f-d8a6377a3cd8,,Medium,,,,GonDy,639231f200cb2fc3f98c43d5,GonDy,639231f200cb2fc3f98c43d5,23/Apr/26 7:21 PM,23/Apr/26 7:21 PM,,,,0,"Test ID: TCUA_39Preconditions:User is not logged in.Test Steps:Navigate to the Register Account pageTest Data:—Expected Result:All fields, labels, radio buttons, checkbox, and Continue button display correctly with no UI issues.Actual Result:All fields, labels, radio buttons, checkbox, and Continue button display correctly with no UI issues.Status:Pass",,GonDy,639231f200cb2fc3f98c43d5,,,,,,,,,,,,,,,,,,,,,,0|i000hr:,,,,,To Do,23/Apr/26 7:21 PM
Verify that the Privacy Policy link opens correctly,DG-68,10342,Task,To Do,DG,LambdaTest,software,Ziad Mohey,712020:7bd7cf13-1eba-45c7-889f-d8a6377a3cd8,,Medium,,,,GonDy,639231f200cb2fc3f98c43d5,GonDy,639231f200cb2fc3f98c43d5,23/Apr/26 7:21 PM,23/Apr/26 7:21 PM,,,,0,Test ID: TCUA_38Preconditions:User is on the Register Account page.Test Steps:Click the 'Privacy Policy' link at the bottom of the formTest Data:—Expected Result:Privacy Policy page or modal opens successfully.Actual Result:Privacy Policy page or modal opens successfully.Status:Pass,,GonDy,639231f200cb2fc3f98c43d5,,,,,,,,,,,,,,,,,,,,,,0|i000hj:,,,,,To Do,23/Apr/26 7:21 PM
Verify that subscribing to newsletter works correctly,DG-67,10341,Task,To Do,DG,LambdaTest,software,Ziad Mohey,712020:7bd7cf13-1eba-45c7-889f-d8a6377a3cd8,,Medium,,,,GonDy,639231f200cb2fc3f98c43d5,GonDy,639231f200cb2fc3f98c43d5,23/Apr/26 7:21 PM,23/Apr/26 7:21 PM,,,,0,Test ID: TCUA_37Preconditions:User is on the Register Account page.Test Steps:Select Yes for Newsletter SubscribeTest Data:YesExpected Result:NoneActual Result:NoneStatus:Pass,,GonDy,639231f200cb2fc3f98c43d5,,,,,,,,,,,,,,,,,,,,,,0|i000hb:,,,,,To Do,23/Apr/26 7:21 PM
Verify that matching Password and Confirm Password allows registration,DG-66,10340,Task,To Do,DG,LambdaTest,software,Ziad Mohey,712020:7bd7cf13-1eba-45c7-889f-d8a6377a3cd8,,Medium,,,,GonDy,639231f200cb2fc3f98c43d5,GonDy,639231f200cb2fc3f98c43d5,23/Apr/26 7:21 PM,23/Apr/26 7:21 PM,,,,0,Test ID: TCUA_36Preconditions:User is on the Register Account page.Test Steps:Enter Test@1234 in Password fieldTest Data:Test@1234Expected Result:NoneActual Result:NoneStatus:Pass,,GonDy,639231f200cb2fc3f98c43d5,,,,,,,,,,,,,,,,,,,,,,0|i000h3:,,,,,To Do,23/Apr/26 7:21 PM
Verify that the login page link navigates to the login page,DG-65,10339,Task,To Do,DG,LambdaTest,software,Ziad Mohey,712020:7bd7cf13-1eba-45c7-889f-d8a6377a3cd8,,Medium,,,,GonDy,639231f200cb2fc3f98c43d5,GonDy,639231f200cb2fc3f98c43d5,23/Apr/26 7:21 PM,23/Apr/26 7:21 PM,,,,0,Test ID: TCUA_35Preconditions:User is not logged in. Register page is open.Test Steps:Navigate to Register Account pageTest Data:—Expected Result:NoneActual Result:NoneStatus:Pass,,GonDy,639231f200cb2fc3f98c43d5,,,,,,,,,,,,,,,,,,,,,,0|i000gv:,,,,,To Do,23/Apr/26 7:21 PM
Verify that a user can register successfully with all valid data,DG-64,10338,Task,To Do,DG,LambdaTest,software,Ziad Mohey,712020:7bd7cf13-1eba-45c7-889f-d8a6377a3cd8,,Medium,,,,GonDy,639231f200cb2fc3f98c43d5,GonDy,639231f200cb2fc3f98c43d5,23/Apr/26 7:21 PM,23/Apr/26 7:21 PM,,,,0,Test ID: TCUA_34Preconditions:User is not logged in. No existing account with the test email.Test Steps:Navigate to Register Account pageTest Data:—Expected Result:NoneActual Result:NoneStatus:Pass,,GonDy,639231f200cb2fc3f98c43d5,,,,,,,,,,,,,,,,,,,,,,0|i000gn:,,,,,To Do,23/Apr/26 7:21 PM
Verify that SQL injection in the email field does not grant unauthorized access,DG-63,10337,Task,To Do,DG,LambdaTest,software,Ziad Mohey,712020:7bd7cf13-1eba-45c7-889f-d8a6377a3cd8,,Medium,,,,GonDy,639231f200cb2fc3f98c43d5,GonDy,639231f200cb2fc3f98c43d5,23/Apr/26 7:21 PM,23/Apr/26 7:21 PM,,,,0,Test ID: TCUA_33Preconditions:User is on the Login page.Test Steps:Enter SQL injection string in E-Mail Address fieldTest Data:' OR '1'='1Expected Result:NoneActual Result:NoneStatus:Pass,,GonDy,639231f200cb2fc3f98c43d5,,,,,,,,,,,,,,,,,,,,,,0|i000gf:,,,,,To Do,23/Apr/26 7:21 PM
Verify that the account is protected against brute force login attempts,DG-62,10336,Task,To Do,DG,LambdaTest,software,Ziad Mohey,712020:7bd7cf13-1eba-45c7-889f-d8a6377a3cd8,,Medium,,,,GonDy,639231f200cb2fc3f98c43d5,GonDy,639231f200cb2fc3f98c43d5,23/Apr/26 7:21 PM,23/Apr/26 7:21 PM,,,,0,Test ID: TCUA_32Preconditions:User is on the Login page.Test Steps:Enter registered@test.com in E-Mail Address fieldTest Data:registered@test.comExpected Result:NoneActual Result:NoneStatus:Pass,,GonDy,639231f200cb2fc3f98c43d5,,,,,,,,,,,,,,,,,,,,,,0|i000g7:,,,,,To Do,23/Apr/26 7:21 PM
Verify that an error is shown when password contains extra spaces,DG-61,10335,Task,To Do,DG,LambdaTest,software,Ziad Mohey,712020:7bd7cf13-1eba-45c7-889f-d8a6377a3cd8,,Medium,,,,GonDy,639231f200cb2fc3f98c43d5,GonDy,639231f200cb2fc3f98c43d5,23/Apr/26 7:21 PM,23/Apr/26 7:21 PM,,,,0,Test ID: TCUA_31Preconditions:User is on the Login page. The registered password does not contain spaces.Test Steps:Enter registered@test.com in E-Mail Address fieldTest Data:registered@test.comExpected Result:NoneActual Result:NoneStatus:Pass,,GonDy,639231f200cb2fc3f98c43d5,,,,,,,,,,,,,,,,,,,,,,0|i000fz:,,,,,To Do,23/Apr/26 7:21 PM
Verify that an error is shown when both fields are empty,DG-60,10334,Task,To Do,DG,LambdaTest,software,Ziad Mohey,712020:7bd7cf13-1eba-45c7-889f-d8a6377a3cd8,,Medium,,,,GonDy,639231f200cb2fc3f98c43d5,GonDy,639231f200cb2fc3f98c43d5,23/Apr/26 7:21 PM,23/Apr/26 7:21 PM,,,,0,Test ID: TCUA_30Preconditions:User is on the Login page.Test Steps:Leave both E-Mail Address and Password fields emptyTest Data:(empty)Expected Result:NoneActual Result:NoneStatus:Pass,,GonDy,639231f200cb2fc3f98c43d5,,,,,,,,,,,,,,,,,,,,,,0|i000fr:,,,,,To Do,23/Apr/26 7:21 PM
Verify that an error is shown when Password field is empty,DG-59,10333,Task,To Do,DG,LambdaTest,software,Ziad Mohey,712020:7bd7cf13-1eba-45c7-889f-d8a6377a3cd8,,Medium,,,,GonDy,639231f200cb2fc3f98c43d5,GonDy,639231f200cb2fc3f98c43d5,23/Apr/26 7:20 PM,23/Apr/26 7:20 PM,,,,0,Test ID: TCUA_29Preconditions:User is on the Login page.Test Steps:Enter a valid registered email in E-Mail Address fieldTest Data:registered@test.comExpected Result:NoneActual Result:NoneStatus:Pass,,GonDy,639231f200cb2fc3f98c43d5,,,,,,,,,,,,,,,,,,,,,,0|i000fj:,,,,,To Do,23/Apr/26 7:21 PM
Verify that an error is shown when E-Mail Address field is empty,DG-58,10332,Task,To Do,DG,LambdaTest,software,Ziad Mohey,712020:7bd7cf13-1eba-45c7-889f-d8a6377a3cd8,,Medium,,,,GonDy,639231f200cb2fc3f98c43d5,GonDy,639231f200cb2fc3f98c43d5,23/Apr/26 7:20 PM,23/Apr/26 7:20 PM,,,,0,Test ID: TCUA_28Preconditions:User is on the Login page.Test Steps:Leave E-Mail Address field emptyTest Data:(empty)Expected Result:NoneActual Result:NoneStatus:Pass,,GonDy,639231f200cb2fc3f98c43d5,,,,,,,,,,,,,,,,,,,,,,0|i000fb:,,,,,To Do,23/Apr/26 7:20 PM
Verify that an error is shown when email format is invalid,DG-57,10331,Task,To Do,DG,LambdaTest,software,Ziad Mohey,712020:7bd7cf13-1eba-45c7-889f-d8a6377a3cd8,,Medium,,,,GonDy,639231f200cb2fc3f98c43d5,GonDy,639231f200cb2fc3f98c43d5,23/Apr/26 7:20 PM,23/Apr/26 7:20 PM,,,,0,Test ID: TCUA_27Preconditions:User is on the Login page.Test Steps:Enter 'invalidemail' in E-Mail Address fieldTest Data:invalidemailExpected Result:NoneActual Result:NoneStatus:Pass,,GonDy,639231f200cb2fc3f98c43d5,,,,,,,,,,,,,,,,,,,,,,0|i000f3:,,,,,To Do,23/Apr/26 7:20 PM
Verify that an error is shown when logging in with an unregistered email,DG-56,10330,Task,To Do,DG,LambdaTest,software,Ziad Mohey,712020:7bd7cf13-1eba-45c7-889f-d8a6377a3cd8,,Medium,,,,GonDy,639231f200cb2fc3f98c43d5,GonDy,639231f200cb2fc3f98c43d5,23/Apr/26 7:20 PM,23/Apr/26 7:20 PM,,,,0,Test ID: TCUA_26Preconditions:The email notexist@test.com is not registered in the system.Test Steps:Enter notexist@test.com in E-Mail Address fieldTest Data:notexist@test.comExpected Result:NoneActual Result:NoneStatus:Pass,,GonDy,639231f200cb2fc3f98c43d5,,,,,,,,,,,,,,,,,,,,,,0|i000ev:,,,,,To Do,23/Apr/26 7:20 PM
Verify that an error is shown when logging in with a wrong password,DG-55,10329,Task,To Do,DG,LambdaTest,software,Ziad Mohey,712020:7bd7cf13-1eba-45c7-889f-d8a6377a3cd8,,Medium,,,,GonDy,639231f200cb2fc3f98c43d5,GonDy,639231f200cb2fc3f98c43d5,23/Apr/26 7:20 PM,23/Apr/26 7:20 PM,,,,0,Test ID: TCUA_25Preconditions:User has a registered account with email registered@test.com.Test Steps:Enter registered@test.com in E-Mail Address fieldTest Data:registered@test.comExpected Result:NoneActual Result:NoneStatus:Pass,,GonDy,639231f200cb2fc3f98c43d5,,,,,,,,,,,,,,,,,,,,,,0|i000en:,,,,,To Do,23/Apr/26 7:20 PM
Verify that the login page loads correctly with all elements visible,DG-54,10328,Task,To Do,DG,LambdaTest,software,Ziad Mohey,712020:7bd7cf13-1eba-45c7-889f-d8a6377a3cd8,,Medium,,,,GonDy,639231f200cb2fc3f98c43d5,GonDy,639231f200cb2fc3f98c43d5,23/Apr/26 7:20 PM,23/Apr/26 7:20 PM,,,,0,"Test ID: TCUA_24Preconditions:User is not logged in.Test Steps:Navigate to the Login pageTest Data:—Expected Result:Both panels (New Customer and Returning Customer) display correctly. All fields, labels, links, and buttons are visible.Actual Result:Both panels (New Customer and Returning Customer) display correctly. All fields, labels, links, and buttons are visible.Status:Pass",,GonDy,639231f200cb2fc3f98c43d5,,,,,,,,,,,,,,,,,,,,,,0|i000ef:,,,,,To Do,23/Apr/26 7:20 PM
Verify that the password field masks the entered characters,DG-53,10327,Task,To Do,DG,LambdaTest,software,Ziad Mohey,712020:7bd7cf13-1eba-45c7-889f-d8a6377a3cd8,,Medium,,,,GonDy,639231f200cb2fc3f98c43d5,GonDy,639231f200cb2fc3f98c43d5,23/Apr/26 7:20 PM,23/Apr/26 7:20 PM,,,,0,Test ID: TCUA_23Preconditions:User is on the Login page.Test Steps:Click on the Password fieldTest Data:—Expected Result:NoneActual Result:NoneStatus:Pass,,GonDy,639231f200cb2fc3f98c43d5,,,,,,,,,,,,,,,,,,,,,,0|i000e7:,,,,,To Do,23/Apr/26 7:20 PM
Verify that logout clears the session completely,DG-52,10326,Task,To Do,DG,LambdaTest,software,Ziad Mohey,712020:7bd7cf13-1eba-45c7-889f-d8a6377a3cd8,,Medium,,,,GonDy,639231f200cb2fc3f98c43d5,GonDy,639231f200cb2fc3f98c43d5,23/Apr/26 7:20 PM,23/Apr/26 7:20 PM,,,,0,Test ID: TCUA_22Preconditions:User is logged in.Test Steps:Click the Logout option from the account menuTest Data:—Expected Result:NoneActual Result:NoneStatus:Fail,,GonDy,639231f200cb2fc3f98c43d5,,,,,,,,,,,,,,,,,,,,,,0|i000dz:,,,,,To Do,23/Apr/26 7:20 PM
Verify that a logged-in user is redirected away from the login page,DG-51,10325,Task,To Do,DG,LambdaTest,software,Ziad Mohey,712020:7bd7cf13-1eba-45c7-889f-d8a6377a3cd8,,Medium,,,,GonDy,639231f200cb2fc3f98c43d5,GonDy,639231f200cb2fc3f98c43d5,23/Apr/26 7:20 PM,23/Apr/26 7:20 PM,,,,0,"Test ID: TCUA_21Preconditions:User is already logged in.Test Steps:While logged in, navigate directly to the Login page URLTest Data:—Expected Result:User is redirected to the account dashboard or homepage. Login page is not shown to logged-in users.Actual Result:User is shown the login page despite being already logged in.Status:Fail",,GonDy,639231f200cb2fc3f98c43d5,,,,,,,,,,,,,,,,,,,,,,0|i000dr:,,,,,To Do,23/Apr/26 7:20 PM
Verify that the user session persists after successful login,DG-50,10324,Task,To Do,DG,LambdaTest,software,Ziad Mohey,712020:7bd7cf13-1eba-45c7-889f-d8a6377a3cd8,,Medium,,,,GonDy,639231f200cb2fc3f98c43d5,GonDy,639231f200cb2fc3f98c43d5,23/Apr/26 7:20 PM,23/Apr/26 7:20 PM,,,,0,Test ID: TCUA_20Preconditions:User has a registered account. User is not logged in.Test Steps:Log in with valid credentialsTest Data:Email: registered@test.com | Password: Test@1234Expected Result:NoneActual Result:NoneStatus:Pass,,GonDy,639231f200cb2fc3f98c43d5,,,,,,,,,,,,,,,,,,,,,,0|i000dj:,,,,,To Do,23/Apr/26 7:20 PM
Verify that login succeeds when email is entered in uppercase,DG-49,10323,Task,To Do,DG,LambdaTest,software,Ziad Mohey,712020:7bd7cf13-1eba-45c7-889f-d8a6377a3cd8,,Medium,,,,GonDy,639231f200cb2fc3f98c43d5,GonDy,639231f200cb2fc3f98c43d5,23/Apr/26 7:20 PM,23/Apr/26 7:20 PM,,,,0,Test ID: TCUA_19Preconditions:User is registered with email registered@test.com.Test Steps:Enter REGISTERED@TEST.COM in E-Mail Address fieldTest Data:REGISTERED@TEST.COMExpected Result:NoneActual Result:NoneStatus:Pass,,GonDy,639231f200cb2fc3f98c43d5,,,,,,,,,,,,,,,,,,,,,,0|i000db:,,,,,To Do,23/Apr/26 7:20 PM
Verify that the Forgotten Password link navigates to the password reset page,DG-48,10322,Task,To Do,DG,LambdaTest,software,Ziad Mohey,712020:7bd7cf13-1eba-45c7-889f-d8a6377a3cd8,,Medium,,,,GonDy,639231f200cb2fc3f98c43d5,GonDy,639231f200cb2fc3f98c43d5,23/Apr/26 7:20 PM,23/Apr/26 7:20 PM,,,,0,Test ID: TCUA_18Preconditions:User is on the Login page.Test Steps:Navigate to the Login pageTest Data:—Expected Result:NoneActual Result:NoneStatus:Pass,,GonDy,639231f200cb2fc3f98c43d5,,,,,,,,,,,,,,,,,,,,,,0|i000d3:,,,,,To Do,23/Apr/26 7:20 PM
Verify that the New Customer Continue button redirects to the Register page,DG-47,10321,Task,To Do,DG,LambdaTest,software,Ziad Mohey,712020:7bd7cf13-1eba-45c7-889f-d8a6377a3cd8,,Medium,,,,GonDy,639231f200cb2fc3f98c43d5,GonDy,639231f200cb2fc3f98c43d5,23/Apr/26 7:20 PM,23/Apr/26 7:20 PM,,,,0,Test ID: TCUA_17Preconditions:User is not logged in. Login page is open.Test Steps:Navigate to the Login pageTest Data:—Expected Result:NoneActual Result:NoneStatus:Pass,,GonDy,639231f200cb2fc3f98c43d5,,,,,,,,,,,,,,,,,,,,,,0|i000cv:,,,,,To Do,23/Apr/26 7:20 PM
Verify that a user can log in successfully with valid credentials,DG-46,10320,Task,To Do,DG,LambdaTest,software,Ziad Mohey,712020:7bd7cf13-1eba-45c7-889f-d8a6377a3cd8,,Medium,,,,GonDy,639231f200cb2fc3f98c43d5,GonDy,639231f200cb2fc3f98c43d5,23/Apr/26 7:20 PM,23/Apr/26 7:20 PM,,,,0,Test ID: TCUA_16Preconditions:User has a registered account. User is not currently logged in.Test Steps:Navigate to the Login pageTest Data:—Expected Result:NoneActual Result:NoneStatus:Pass,,GonDy,639231f200cb2fc3f98c43d5,,,,,,,,,,,,,,,,,,,,,,0|i000cn:,,,,,To Do,23/Apr/26 7:20 PM
Verify that an error is shown when the entire form is submitted empty,DG-45,10319,Task,To Do,DG,LambdaTest,software,Ziad Mohey,712020:7bd7cf13-1eba-45c7-889f-d8a6377a3cd8,,Medium,,,,GonDy,639231f200cb2fc3f98c43d5,GonDy,639231f200cb2fc3f98c43d5,23/Apr/26 7:20 PM,23/Apr/26 7:20 PM,,,,0,Test ID: TCUA_15Preconditions:User is on the Register Account page. No fields have been filled.Test Steps:Navigate to the Register Account pageTest Data:—Expected Result:NoneActual Result:NoneStatus:Pass,,GonDy,639231f200cb2fc3f98c43d5,,,,,,,,,,,,,,,,,,,,,,0|i000cf:,,,,,To Do,23/Apr/26 7:20 PM
Verify that an error is shown when form is submitted without agreeing to Privacy Policy,DG-44,10318,Task,To Do,DG,LambdaTest,software,Ziad Mohey,712020:7bd7cf13-1eba-45c7-889f-d8a6377a3cd8,,Medium,,,,GonDy,639231f200cb2fc3f98c43d5,GonDy,639231f200cb2fc3f98c43d5,23/Apr/26 7:20 PM,23/Apr/26 7:20 PM,,,,0,Test ID: TCUA_14Preconditions:User is on the Register Account page. All fields filled with valid data.Test Steps:Fill all fields with valid dataTest Data:—Expected Result:NoneActual Result:NoneStatus:Pass,,GonDy,639231f200cb2fc3f98c43d5,,,,,,,,,,,,,,,,,,,,,,0|i000c7:,,,,,To Do,23/Apr/26 7:20 PM
Verify that an error is shown when password is below minimum length,DG-43,10317,Task,To Do,DG,LambdaTest,software,Ziad Mohey,712020:7bd7cf13-1eba-45c7-889f-d8a6377a3cd8,,Medium,,,,GonDy,639231f200cb2fc3f98c43d5,GonDy,639231f200cb2fc3f98c43d5,23/Apr/26 7:20 PM,23/Apr/26 7:20 PM,,,,0,Test ID: TCUA_13Preconditions:User is on the Register Account page.Test Steps:Enter '123' in Password fieldTest Data:123Expected Result:NoneActual Result:NoneStatus:Pass,,GonDy,639231f200cb2fc3f98c43d5,,,,,,,,,,,,,,,,,,,,,,0|i000bz:,,,,,To Do,23/Apr/26 7:20 PM
Verify that an error is shown when Password Confirm field is empty,DG-42,10316,Task,To Do,DG,LambdaTest,software,Ziad Mohey,712020:7bd7cf13-1eba-45c7-889f-d8a6377a3cd8,,Medium,,,,GonDy,639231f200cb2fc3f98c43d5,GonDy,639231f200cb2fc3f98c43d5,23/Apr/26 7:20 PM,23/Apr/26 7:20 PM,,,,0,Test ID: TCUA_12Preconditions:User is on the Register Account page.Test Steps:Enter a valid password in Password fieldTest Data:Test@1234Expected Result:NoneActual Result:NoneStatus:Pass,,GonDy,639231f200cb2fc3f98c43d5,,,,,,,,,,,,,,,,,,,,,,0|i000br:,,,,,To Do,23/Apr/26 7:20 PM
Verify that an error is shown when Password field is empty,DG-41,10315,Task,To Do,DG,LambdaTest,software,Ziad Mohey,712020:7bd7cf13-1eba-45c7-889f-d8a6377a3cd8,,Medium,,,,GonDy,639231f200cb2fc3f98c43d5,GonDy,639231f200cb2fc3f98c43d5,23/Apr/26 7:20 PM,23/Apr/26 7:20 PM,,,,0,Test ID: TCUA_11Preconditions:User is on the Register Account page.Test Steps:Leave Password field emptyTest Data:(empty)Expected Result:NoneActual Result:NoneStatus:Pass,,GonDy,639231f200cb2fc3f98c43d5,,,,,,,,,,,,,,,,,,,,,,0|i000bj:,,,,,To Do,23/Apr/26 7:20 PM
Verify that an error is shown when Password and Confirm Password do not match,DG-40,10314,Task,To Do,DG,LambdaTest,software,Ziad Mohey,712020:7bd7cf13-1eba-45c7-889f-d8a6377a3cd8,,Medium,,,,GonDy,639231f200cb2fc3f98c43d5,GonDy,639231f200cb2fc3f98c43d5,23/Apr/26 7:20 PM,23/Apr/26 7:20 PM,,,,0,Test ID: TCUA_10Preconditions:User is on the Register Account page.Test Steps:Enter 'Test@1234' in Password fieldTest Data:Test@1234Expected Result:NoneActual Result:NoneStatus:Pass,,GonDy,639231f200cb2fc3f98c43d5,,,,,,,,,,,,,,,,,,,,,,0|i000bb:,,,,,To Do,23/Apr/26 7:20 PM
Verify that an error is shown when Telephone field is empty,DG-39,10313,Task,To Do,DG,LambdaTest,software,Ziad Mohey,712020:7bd7cf13-1eba-45c7-889f-d8a6377a3cd8,,Medium,,,,GonDy,639231f200cb2fc3f98c43d5,GonDy,639231f200cb2fc3f98c43d5,23/Apr/26 7:20 PM,23/Apr/26 7:20 PM,,,,0,Test ID: TCUA_09Preconditions:User is on the Register Account page.Test Steps:Leave Telephone field emptyTest Data:(empty)Expected Result:NoneActual Result:NoneStatus:Pass,,GonDy,639231f200cb2fc3f98c43d5,,,,,,,,,,,,,,,,,,,,,,0|i000b3:,,,,,To Do,23/Apr/26 7:20 PM
Verify that an error is shown when phone field contains non-numeric characters,DG-38,10312,Task,To Do,DG,LambdaTest,software,Ziad Mohey,712020:7bd7cf13-1eba-45c7-889f-d8a6377a3cd8,,Medium,,,,GonDy,639231f200cb2fc3f98c43d5,GonDy,639231f200cb2fc3f98c43d5,23/Apr/26 7:20 PM,23/Apr/26 7:20 PM,23/Apr/26 7:21 PM,,,0,Test ID: TCUA_08Preconditions:User is on the Register Account page.Test Steps:Enter 'abc+xyz' in the Telephone fieldTest Data:abc+xyzExpected Result:NoneActual Result:NoneStatus:Fail,,GonDy,639231f200cb2fc3f98c43d5,,,,,,,,,,,,,,,,,,,,,,0|i000av:,,,,,To Do,23/Apr/26 7:20 PM
Verify that an error is shown when phone is entered without country code,DG-37,10311,Task,To Do,DG,LambdaTest,software,Ziad Mohey,712020:7bd7cf13-1eba-45c7-889f-d8a6377a3cd8,,Medium,,,,GonDy,639231f200cb2fc3f98c43d5,GonDy,639231f200cb2fc3f98c43d5,23/Apr/26 7:20 PM,23/Apr/26 7:20 PM,,,,0,Test ID: TCUA_07Preconditions:User is on the Register Account page.Test Steps:Enter '01012345678' in the Telephone fieldTest Data:01012345678Expected Result:NoneActual Result:NoneStatus:Fail,,GonDy,639231f200cb2fc3f98c43d5,,,,,,,,,,,,,,,,,,,,,,0|i000an:,,,,,To Do,23/Apr/26 7:20 PM
Verify that an error is shown when E-Mail field is empty,DG-36,10310,Task,To Do,DG,LambdaTest,software,Ziad Mohey,712020:7bd7cf13-1eba-45c7-889f-d8a6377a3cd8,,Medium,,,,GonDy,639231f200cb2fc3f98c43d5,GonDy,639231f200cb2fc3f98c43d5,23/Apr/26 7:20 PM,23/Apr/26 7:20 PM,,,,0,Test ID: TCUA_06Preconditions:User is on the Register Account page.Test Steps:Leave E-Mail field emptyTest Data:(empty)Expected Result:NoneActual Result:NoneStatus:Pass,,GonDy,639231f200cb2fc3f98c43d5,,,,,,,,,,,,,,,,,,,,,,0|i000af:,,,,,To Do,23/Apr/26 7:20 PM
Verify that an error is shown when registering with an already registered email,DG-35,10309,Task,To Do,DG,LambdaTest,software,Ziad Mohey,712020:7bd7cf13-1eba-45c7-889f-d8a6377a3cd8,,Medium,,,,GonDy,639231f200cb2fc3f98c43d5,GonDy,639231f200cb2fc3f98c43d5,23/Apr/26 7:20 PM,23/Apr/26 7:20 PM,,,,0,Test ID: TCUA_05Preconditions:An account already exists with the email existing@test.com.Test Steps:Enter existing@test.com in the E-Mail fieldTest Data:existing@test.comExpected Result:NoneActual Result:NoneStatus:Pass,,GonDy,639231f200cb2fc3f98c43d5,,,,,,,,,,,,,,,,,,,,,,0|i000a7:,,,,,To Do,23/Apr/26 7:20 PM
Verify that an error is shown when email format is invalid,DG-34,10308,Task,To Do,DG,LambdaTest,software,Ziad Mohey,712020:7bd7cf13-1eba-45c7-889f-d8a6377a3cd8,,Medium,,,,GonDy,639231f200cb2fc3f98c43d5,GonDy,639231f200cb2fc3f98c43d5,23/Apr/26 7:20 PM,23/Apr/26 7:20 PM,,,,0,Test ID: TCUA_04Preconditions:User is on the Register Account page.Test Steps:Enter 'invalidemail' in the E-Mail fieldTest Data:invalidemailExpected Result:NoneActual Result:NoneStatus:Pass,,GonDy,639231f200cb2fc3f98c43d5,,,,,,,,,,,,,,,,,,,,,,0|i0009z:,,,,,To Do,23/Apr/26 7:20 PM
Verify that an error is shown when First Name contains numbers or special characters,DG-33,10307,Task,To Do,DG,LambdaTest,software,Ziad Mohey,712020:7bd7cf13-1eba-45c7-889f-d8a6377a3cd8,,Medium,,,,GonDy,639231f200cb2fc3f98c43d5,GonDy,639231f200cb2fc3f98c43d5,23/Apr/26 7:20 PM,23/Apr/26 7:20 PM,,,,0,Test ID: TCUA_03Preconditions:User is on the Register Account page.Test Steps:Enter '123!@#' in the First Name fieldTest Data:123!@#Expected Result:NoneActual Result:NoneStatus:Fail,,GonDy,639231f200cb2fc3f98c43d5,,,,,,,,,,,,,,,,,,,,,,0|i0009r:,,,,,To Do,23/Apr/26 7:20 PM
Verify that an error is shown when Last Name is empty,DG-32,10306,Task,To Do,DG,LambdaTest,software,Ziad Mohey,712020:7bd7cf13-1eba-45c7-889f-d8a6377a3cd8,,Medium,,,,GonDy,639231f200cb2fc3f98c43d5,GonDy,639231f200cb2fc3f98c43d5,23/Apr/26 7:20 PM,23/Apr/26 7:20 PM,,,,0,Test ID: TCUA_02Preconditions:User is on the Register Account page. All other fields are filled with valid data.Test Steps:Leave Last Name field emptyTest Data:(empty)Expected Result:NoneActual Result:NoneStatus:Pass,,GonDy,639231f200cb2fc3f98c43d5,,,,,,,,,,,,,,,,,,,,,,0|i0009j:,,,,,To Do,23/Apr/26 7:20 PM
Verify that an error is shown when First Name is empty,DG-31,10305,Task,To Do,DG,LambdaTest,software,Ziad Mohey,712020:7bd7cf13-1eba-45c7-889f-d8a6377a3cd8,,Medium,,,,GonDy,639231f200cb2fc3f98c43d5,GonDy,639231f200cb2fc3f98c43d5,23/Apr/26 7:20 PM,23/Apr/26 7:20 PM,,,,0,Test ID: TCUA_01Preconditions:User is on the Register Account page. All other fields are filled with valid data.Test Steps:Leave First Name field emptyTest Data:(empty)Expected Result:NoneActual Result:NoneStatus:Pass,,GonDy,639231f200cb2fc3f98c43d5,,,,,,,,,,,,,,,,,,,,,,0|i0009b:,,,,,To Do,23/Apr/26 7:20 PM
